experiment_name,split_method,evaluation,fold,model,model_config,model_experiment,training_mode,rows,accuracy,f1,recall,precision,fpr,fnr,tpr,tnr,auc,fit_seconds,accuracy_std,f1_std,recall_std,precision_std,fpr_std,fnr_std,tpr_std,tnr_std,auc_std,fit_seconds_std,label_counts,prediction_counts
regular__val__naive_bayes:default,regular,val,,naive_bayes,default,naive_bayes:default,supervised,8520,0.8638,0.4357,0.3874,0.5793,0.0795,0.6126,0.3874,0.9205,0.8702,2.07,,,,,,,,,,,"{""0"": 6375, ""1"": 1078, ""2"": 685, ""3"": 331, ""4"": 49, ""5"": 2}","{""0"": 7272, ""1"": 909, ""2"": 202, ""3"": 137}"
regular__test__naive_bayes:default,regular,test,,naive_bayes,default,naive_bayes:default,supervised,8520,0.8662,0.4384,0.3892,0.5775,0.0768,0.6109,0.3892,0.9232,0.9024,2.03,,,,,,,,,,,"{""0"": 6350, ""1"": 1140, ""2"": 716, ""3"": 277, ""4"": 36, ""5"": 1}","{""0"": 7216, ""1"": 955, ""2"": 238, ""3"": 110, ""4"": 1}"
regular__val__naive_bayes:high_smoothing,regular,val,,naive_bayes,high_smoothing,naive_bayes:high_smoothing,supervised,8520,0.8445,0.3915,0.3425,0.5868,0.0958,0.6575,0.3425,0.9042,0.8377,2.13,,,,,,,,,,,"{""0"": 6375, ""1"": 1078, ""2"": 685, ""3"": 331, ""4"": 49, ""5"": 2}","{""0"": 7540, ""1"": 745, ""2"": 130, ""3"": 105}"
regular__test__naive_bayes:high_smoothing,regular,test,,naive_bayes,high_smoothing,naive_bayes:high_smoothing,supervised,8520,0.845,0.3907,0.3403,0.5884,0.095,0.6597,0.3403,0.905,0.876,2.03,,,,,,,,,,,"{""0"": 6350, ""1"": 1140, ""2"": 716, ""3"": 277, ""4"": 36, ""5"": 1}","{""0"": 7518, ""1"": 768, ""2"": 155, ""3"": 79}"
regular__val__naive_bayes:low_smoothing,regular,val,,naive_bayes,low_smoothing,naive_bayes:low_smoothing,supervised,8520,0.8804,0.5605,0.5371,0.6182,0.0444,0.4629,0.5371,0.9556,0.9492,2.01,,,,,,,,,,,"{""0"": 6375, ""1"": 1078, ""2"": 685, ""3"": 331, ""4"": 49, ""5"": 2}","{""0"": 6365, ""1"": 1211, ""2"": 668, ""3"": 258, ""4"": 18}"
regular__test__naive_bayes:low_smoothing,regular,test,,naive_bayes,low_smoothing,naive_bayes:low_smoothing,supervised,8520,0.8859,0.7171,0.7028,0.757,0.0411,0.2972,0.7028,0.9589,0.9588,2.02,,,,,,,,,,,"{""0"": 6350, ""1"": 1140, ""2"": 716, ""3"": 277, ""4"": 36, ""5"": 1}","{""0"": 6297, ""1"": 1274, ""2"": 700, ""3"": 236, ""4"": 12, ""5"": 1}"
regular__val__naive_bayes:oversampled,regular,val,,naive_bayes,oversampled,naive_bayes:oversampled,supervised,8520,0.7404,0.4724,0.8173,0.4209,0.0522,0.1827,0.8173,0.9478,0.9529,2.13,,,,,,,,,,,"{""0"": 6375, ""1"": 1078, ""2"": 685, ""3"": 331, ""4"": 49, ""5"": 2}","{""0"": 4697, ""1"": 1387, ""2"": 1310, ""3"": 718, ""4"": 351, ""5"": 57}"
regular__test__naive_bayes:oversampled,regular,test,,naive_bayes,oversampled,naive_bayes:oversampled,supervised,8520,0.748,0.4692,0.8434,0.4202,0.0504,0.1566,0.8434,0.9496,0.9601,2.11,,,,,,,,,,,"{""0"": 6350, ""1"": 1140, ""2"": 716, ""3"": 277, ""4"": 36, ""5"": 1}","{""0"": 4688, ""1"": 1450, ""2"": 1326, ""3"": 660, ""4"": 347, ""5"": 49}"
regular__val__logistic_regression:balanced,regular,val,,logistic_regression,balanced,logistic_regression:balanced,supervised,8520,0.8871,0.6883,0.8728,0.6191,0.031,0.1272,0.8729,0.9689,,19.05,,,,,,,,,,,"{""0"": 6375, ""1"": 1078, ""2"": 685, ""3"": 331, ""4"": 49, ""5"": 2}","{""0"": 5999, ""1"": 1078, ""2"": 946, ""3"": 378, ""4"": 111, ""5"": 8}"
regular__test__logistic_regression:balanced,regular,test,,logistic_regression,balanced,logistic_regression:balanced,supervised,8520,0.8899,0.702,0.8818,0.6264,0.0295,0.1182,0.8818,0.9705,,19.35,,,,,,,,,,,"{""0"": 6350, ""1"": 1140, ""2"": 716, ""3"": 277, ""4"": 36, ""5"": 1}","{""0"": 5970, ""1"": 1109, ""2"": 998, ""3"": 351, ""4"": 89, ""5"": 3}"
regular__val__logistic_regression:default,regular,val,,logistic_regression,default,logistic_regression:default,supervised,8520,0.9025,0.6053,0.5542,0.6823,0.0482,0.4458,0.5543,0.9517,,1010.04,,,,,,,,,,,"{""0"": 6375, ""1"": 1078, ""2"": 685, ""3"": 331, ""4"": 49, ""5"": 2}","{""0"": 6787, ""1"": 989, ""2"": 495, ""3"": 218, ""4"": 31}"
regular__test__logistic_regression:default,regular,test,,logistic_regression,default,logistic_regression:default,supervised,8520,0.9124,0.6449,0.6102,0.6896,0.0416,0.3897,0.6102,0.9584,,17.73,,,,,,,,,,,"{""0"": 6350, ""1"": 1140, ""2"": 716, ""3"": 277, ""4"": 36, ""5"": 1}","{""0"": 6673, ""1"": 1061, ""2"": 540, ""3"": 214, ""4"": 32}"
regular__val__logistic_regression:oversampled,regular,val,,logistic_regression,oversampled,logistic_regression:oversampled,supervised,8520,0.8988,0.7217,0.8619,0.6594,0.031,0.1381,0.8619,0.969,,45.66,,,,,,,,,,,"{""0"": 6375, ""1"": 1078, ""2"": 685, ""3"": 331, ""4"": 49, ""5"": 2}","{""0"": 6154, ""1"": 1063, ""2"": 852, ""3"": 355, ""4"": 90, ""5"": 6}"
regular__test__logistic_regression:oversampled,regular,test,,logistic_regression,oversampled,logistic_regression:oversampled,supervised,8520,0.8999,0.7924,0.8554,0.7549,0.0298,0.1446,0.8554,0.9702,,45.17,,,,,,,,,,,"{""0"": 6350, ""1"": 1140, ""2"": 716, ""3"": 277, ""4"": 36, ""5"": 1}","{""0"": 6115, ""1"": 1112, ""2"": 895, ""3"": 326, ""4"": 71, ""5"": 1}"
regular__val__logistic_regression:strong_regularization,regular,val,,logistic_regression,strong_regularization,logistic_regression:strong_regularization,supervised,8520,0.8765,0.5145,0.4477,0.6869,0.0701,0.5523,0.4477,0.9299,,10.7,,,,,,,,,,,"{""0"": 6375, ""1"": 1078, ""2"": 685, ""3"": 331, ""4"": 49, ""5"": 2}","{""0"": 7136, ""1"": 884, ""2"": 326, ""3"": 162, ""4"": 12}"
regular__test__logistic_regression:strong_regularization,regular,test,,logistic_regression,strong_regularization,logistic_regression:strong_regularization,supervised,8520,0.8808,0.512,0.4479,0.6676,0.0688,0.552,0.448,0.9312,,10.56,,,,,,,,,,,"{""0"": 6350, ""1"": 1140, ""2"": 716, ""3"": 277, ""4"": 36, ""5"": 1}","{""0"": 7132, ""1"": 886, ""2"": 343, ""3"": 151, ""4"": 8}"
regular__val__logistic_regression:weak_regularization,regular,val,,logistic_regression,weak_regularization,logistic_regression:weak_regularization,supervised,8520,0.9054,0.7177,0.6427,0.8478,0.0446,0.3573,0.6427,0.9554,,23.12,,,,,,,,,,,"{""0"": 6375, ""1"": 1078, ""2"": 685, ""3"": 331, ""4"": 49, ""5"": 2}","{""0"": 6695, ""1"": 1003, ""2"": 562, ""3"": 233, ""4"": 26, ""5"": 1}"
regular__test__logistic_regression:weak_regularization,regular,test,,logistic_regression,weak_regularization,logistic_regression:weak_regularization,supervised,8520,0.9126,0.8058,0.7758,0.8422,0.0387,0.2242,0.7758,0.9613,,23.45,,,,,,,,,,,"{""0"": 6350, ""1"": 1140, ""2"": 716, ""3"": 277, ""4"": 36, ""5"": 1}","{""0"": 6577, ""1"": 1075, ""2"": 616, ""3"": 221, ""4"": 30, ""5"": 1}"
regular__val__linear_svc:balanced,regular,val,,linear_svc,balanced,linear_svc:balanced,supervised,8520,0.9068,0.7356,0.8113,0.7044,0.0339,0.1887,0.8113,0.9661,,5.31,,,,,,,,,,,"{""0"": 6375, ""1"": 1078, ""2"": 685, ""3"": 331, ""4"": 49, ""5"": 2}","{""0"": 6365, ""1"": 1065, ""2"": 727, ""3"": 302, ""4"": 56, ""5"": 5}"
regular__test__linear_svc:balanced,regular,test,,linear_svc,balanced,linear_svc:balanced,supervised,8520,0.9085,0.8098,0.8339,0.7936,0.0326,0.1661,0.8338,0.9674,,5.35,,,,,,,,,,,"{""0"": 6350, ""1"": 1140, ""2"": 716, ""3"": 277, ""4"": 36, ""5"": 1}","{""0"": 6319, ""1"": 1121, ""2"": 755, ""3"": 271, ""4"": 53, ""5"": 1}"
regular__val__linear_svc:default,regular,val,,linear_svc,default,linear_svc:default,supervised,8520,0.9079,0.7378,0.7566,0.7593,0.0418,0.2434,0.7566,0.9582,,4.08,,,,,,,,,,,"{""0"": 6375, ""1"": 1078, ""2"": 685, ""3"": 331, ""4"": 49, ""5"": 2}","{""0"": 6637, ""1"": 1049, ""2"": 555, ""3"": 237, ""4"": 38, ""5"": 4}"
regular__test__linear_svc:default,regular,test,,linear_svc,default,linear_svc:default,supervised,8520,0.9134,0.8032,0.7728,0.8409,0.0378,0.2272,0.7728,0.9622,,3.94,,,,,,,,,,,"{""0"": 6350, ""1"": 1140, ""2"": 716, ""3"": 277, ""4"": 36, ""5"": 1}","{""0"": 6551, ""1"": 1109, ""2"": 605, ""3"": 226, ""4"": 28, ""5"": 1}"
regular__val__linear_svc:oversampled,regular,val,,linear_svc,oversampled,linear_svc:oversampled,supervised,8520,0.8988,0.7299,0.8121,0.693,0.0344,0.1879,0.8121,0.9656,,98.94,,,,,,,,,,,"{""0"": 6375, ""1"": 1078, ""2"": 685, ""3"": 331, ""4"": 49, ""5"": 2}","{""0"": 6270, ""1"": 1067, ""2"": 812, ""3"": 311, ""4"": 55, ""5"": 5}"
regular__test__linear_svc:oversampled,regular,test,,linear_svc,oversampled,linear_svc:oversampled,supervised,8520,0.9004,0.8,0.8287,0.7791,0.0343,0.1714,0.8286,0.9657,,97.87,,,,,,,,,,,"{""0"": 6350, ""1"": 1140, ""2"": 716, ""3"": 277, ""4"": 36, ""5"": 1}","{""0"": 6258, ""1"": 1114, ""2"": 808, ""3"": 287, ""4"": 52, ""5"": 1}"
regular__val__linear_svc:strong_regularization,regular,val,,linear_svc,strong_regularization,linear_svc:strong_regularization,supervised,8520,0.9018,0.6028,0.5482,0.6908,0.05,0.4518,0.5482,0.95,,2.82,,,,,,,,,,,"{""0"": 6375, ""1"": 1078, ""2"": 685, ""3"": 331, ""4"": 49, ""5"": 2}","{""0"": 6820, ""1"": 1012, ""2"": 441, ""3"": 217, ""4"": 29, ""5"": 1}"
regular__test__linear_svc:strong_regularization,regular,test,,linear_svc,strong_regularization,linear_svc:strong_regularization,supervised,8520,0.9089,0.7751,0.7249,0.8533,0.045,0.2751,0.725,0.955,,2.88,,,,,,,,,,,"{""0"": 6350, ""1"": 1140, ""2"": 716, ""3"": 277, ""4"": 36, ""5"": 1}","{""0"": 6732, ""1"": 1069, ""2"": 497, ""3"": 201, ""4"": 20, ""5"": 1}"
regular__val__linear_svc:weak_regularization,regular,val,,linear_svc,weak_regularization,linear_svc:weak_regularization,supervised,8520,0.9008,0.7032,0.7441,0.7162,0.0417,0.2559,0.7441,0.9583,,14.29,,,,,,,,,,,"{""0"": 6375, ""1"": 1078, ""2"": 685, ""3"": 331, ""4"": 49, ""5"": 2}","{""0"": 6541, ""1"": 1045, ""2"": 632, ""3"": 265, ""4"": 32, ""5"": 5}"
regular__test__linear_svc:weak_regularization,regular,test,,linear_svc,weak_regularization,linear_svc:weak_regularization,supervised,8520,0.9027,0.7902,0.7745,0.8079,0.0385,0.2255,0.7745,0.9615,,14.09,,,,,,,,,,,"{""0"": 6350, ""1"": 1140, ""2"": 716, ""3"": 277, ""4"": 36, ""5"": 1}","{""0"": 6440, ""1"": 1113, ""2"": 688, ""3"": 247, ""4"": 31, ""5"": 1}"
regular__fold_val__naive_bayes:default__fold_1,regular,fold_val,fold_1,naive_bayes,default,naive_bayes:default,supervised,15336,0.8601,0.4153,0.3692,0.5687,0.0817,0.6309,0.3691,0.9183,0.8322,2.13,,,,,,,,,,,"{""0"": 11492, ""1"": 1976, ""2"": 1279, ""3"": 515, ""4"": 69, ""5"": 5}","{""0"": 13141, ""1"": 1646, ""2"": 385, ""3"": 164}"
regular__fold_val__naive_bayes:high_smoothing__fold_1,regular,fold_val,fold_1,naive_bayes,high_smoothing,naive_bayes:high_smoothing,supervised,15336,0.8419,0.3739,0.3281,0.5807,0.0981,0.6719,0.3281,0.9019,0.7981,2.14,,,,,,,,,,,"{""0"": 11492, ""1"": 1976, ""2"": 1279, ""3"": 515, ""4"": 69, ""5"": 5}","{""0"": 13634, ""1"": 1339, ""2"": 236, ""3"": 127}"
regular__fold_val__naive_bayes:low_smoothing__fold_1,regular,fold_val,fold_1,naive_bayes,low_smoothing,naive_bayes:low_smoothing,supervised,15336,0.8775,0.5464,0.5249,0.6102,0.0448,0.4751,0.5249,0.9552,0.9281,2.17,,,,,,,,,,,"{""0"": 11492, ""1"": 1976, ""2"": 1279, ""3"": 515, ""4"": 69, ""5"": 5}","{""0"": 11428, ""1"": 2224, ""2"": 1256, ""3"": 407, ""4"": 21}"
regular__fold_val__naive_bayes:oversampled__fold_1,regular,fold_val,fold_1,naive_bayes,oversampled,naive_bayes:oversampled,supervised,15336,0.7381,0.4731,0.8003,0.4186,0.0525,0.1997,0.8003,0.9475,0.9395,2.24,,,,,,,,,,,"{""0"": 11492, ""1"": 1976, ""2"": 1279, ""3"": 515, ""4"": 69, ""5"": 5}","{""0"": 8378, ""1"": 2618, ""2"": 2492, ""3"": 1174, ""4"": 601, ""5"": 73}"
regular__fold_val__logistic_regression:balanced__fold_1,regular,fold_val,fold_1,logistic_regression,balanced,logistic_regression:balanced,supervised,15336,0.8846,0.6938,0.8365,0.6259,0.0314,0.1635,0.8365,0.9686,,17.4,,,,,,,,,,,"{""0"": 11492, ""1"": 1976, ""2"": 1279, ""3"": 515, ""4"": 69, ""5"": 5}","{""0"": 10778, ""1"": 1945, ""2"": 1809, ""3"": 619, ""4"": 174, ""5"": 11}"
regular__fold_val__logistic_regression:default__fold_1,regular,fold_val,fold_1,logistic_regression,default,logistic_regression:default,supervised,15336,0.9011,0.5829,0.5319,0.6671,0.0486,0.4681,0.5319,0.9514,,15.61,,,,,,,,,,,"{""0"": 11492, ""1"": 1976, ""2"": 1279, ""3"": 515, ""4"": 69, ""5"": 5}","{""0"": 12201, ""1"": 1805, ""2"": 958, ""3"": 338, ""4"": 34}"
regular__fold_val__logistic_regression:oversampled__fold_1,regular,fold_val,fold_1,logistic_regression,oversampled,logistic_regression:oversampled,supervised,15336,0.8935,0.7191,0.8175,0.6622,0.0324,0.1825,0.8175,0.9676,,35.05,,,,,,,,,,,"{""0"": 11492, ""1"": 1976, ""2"": 1279, ""3"": 515, ""4"": 69, ""5"": 5}","{""0"": 11052, ""1"": 1924, ""2"": 1646, ""3"": 573, ""4"": 132, ""5"": 9}"
regular__fold_val__logistic_regression:strong_regularization__fold_1,regular,fold_val,fold_1,logistic_regression,strong_regularization,logistic_regression:strong_regularization,supervised,15336,0.8711,0.4867,0.4215,0.6737,0.0746,0.5785,0.4215,0.9254,,9.72,,,,,,,,,,,"{""0"": 11492, ""1"": 1976, ""2"": 1279, ""3"": 515, ""4"": 69, ""5"": 5}","{""0"": 12979, ""1"": 1530, ""2"": 593, ""3"": 221, ""4"": 13}"
regular__fold_val__logistic_regression:weak_regularization__fold_1,regular,fold_val,fold_1,logistic_regression,weak_regularization,logistic_regression:weak_regularization,supervised,15336,0.9025,0.6589,0.5959,0.829,0.0439,0.4041,0.5959,0.9561,,24.73,,,,,,,,,,,"{""0"": 11492, ""1"": 1976, ""2"": 1279, ""3"": 515, ""4"": 69, ""5"": 5}","{""0"": 11965, ""1"": 1833, ""2"": 1125, ""3"": 370, ""4"": 42, ""5"": 1}"
regular__fold_val__linear_svc:balanced__fold_1,regular,fold_val,fold_1,linear_svc,balanced,linear_svc:balanced,supervised,15336,0.9019,0.7184,0.738,0.7029,0.0351,0.262,0.738,0.9649,,4.72,,,,,,,,,,,"{""0"": 11492, ""1"": 1976, ""2"": 1279, ""3"": 515, ""4"": 69, ""5"": 5}","{""0"": 11435, ""1"": 1904, ""2"": 1415, ""3"": 492, ""4"": 84, ""5"": 6}"
regular__fold_val__linear_svc:default__fold_1,regular,fold_val,fold_1,linear_svc,default,linear_svc:default,supervised,15336,0.9029,0.7025,0.681,0.7334,0.0422,0.319,0.681,0.9578,,3.79,,,,,,,,,,,"{""0"": 11492, ""1"": 1976, ""2"": 1279, ""3"": 515, ""4"": 69, ""5"": 5}","{""0"": 11880, ""1"": 1880, ""2"": 1119, ""3"": 397, ""4"": 54, ""5"": 6}"
regular__fold_val__linear_svc:oversampled__fold_1,regular,fold_val,fold_1,linear_svc,oversampled,linear_svc:oversampled,supervised,15336,0.8942,0.7123,0.7419,0.6894,0.036,0.2581,0.7419,0.964,,95.65,,,,,,,,,,,"{""0"": 11492, ""1"": 1976, ""2"": 1279, ""3"": 515, ""4"": 69, ""5"": 5}","{""0"": 11301, ""1"": 1895, ""2"": 1530, ""3"": 515, ""4"": 89, ""5"": 6}"
regular__fold_val__linear_svc:strong_regularization__fold_1,regular,fold_val,fold_1,linear_svc,strong_regularization,linear_svc:strong_regularization,supervised,15336,0.9004,0.6322,0.5632,0.7624,0.05,0.4368,0.5632,0.95,,2.99,,,,,,,,,,,"{""0"": 11492, ""1"": 1976, ""2"": 1279, ""3"": 515, ""4"": 69, ""5"": 5}","{""0"": 12257, ""1"": 1830, ""2"": 884, ""3"": 330, ""4"": 33, ""5"": 2}"
regular__fold_val__linear_svc:weak_regularization__fold_1,regular,fold_val,fold_1,linear_svc,weak_regularization,linear_svc:weak_regularization,supervised,15336,0.8938,0.6718,0.6602,0.685,0.0419,0.3398,0.6602,0.9581,,13.85,,,,,,,,,,,"{""0"": 11492, ""1"": 1976, ""2"": 1279, ""3"": 515, ""4"": 69, ""5"": 5}","{""0"": 11650, ""1"": 1888, ""2"": 1285, ""3"": 441, ""4"": 67, ""5"": 5}"
regular__fold_val__naive_bayes:default__fold_2,regular,fold_val,fold_2,naive_bayes,default,naive_bayes:default,supervised,15336,0.8588,0.4287,0.379,0.6486,0.0832,0.621,0.379,0.9169,0.8644,2.12,,,,,,,,,,,"{""0"": 11510, ""1"": 1923, ""2"": 1249, ""3"": 571, ""4"": 74, ""5"": 9}","{""0"": 13175, ""1"": 1563, ""2"": 368, ""3"": 228, ""4"": 2}"
regular__fold_val__naive_bayes:high_smoothing__fold_2,regular,fold_val,fold_2,naive_bayes,high_smoothing,naive_bayes:high_smoothing,supervised,15336,0.8408,0.381,0.3341,0.5644,0.0986,0.6659,0.3341,0.9014,0.835,2.1,,,,,,,,,,,"{""0"": 11510, ""1"": 1923, ""2"": 1249, ""3"": 571, ""4"": 74, ""5"": 9}","{""0"": 13622, ""1"": 1292, ""2"": 249, ""3"": 173}"
regular__fold_val__naive_bayes:low_smoothing__fold_2,regular,fold_val,fold_2,naive_bayes,low_smoothing,naive_bayes:low_smoothing,supervised,15336,0.8762,0.6582,0.6092,0.7881,0.0445,0.3908,0.6092,0.9555,0.9377,2.14,,,,,,,,,,,"{""0"": 11510, ""1"": 1923, ""2"": 1249, ""3"": 571, ""4"": 74, ""5"": 9}","{""0"": 11390, ""1"": 2178, ""2"": 1272, ""3"": 469, ""4"": 23, ""5"": 4}"
regular__fold_val__naive_bayes:oversampled__fold_2,regular,fold_val,fold_2,naive_bayes,oversampled,naive_bayes:oversampled,supervised,15336,0.7332,0.472,0.7866,0.4189,0.0542,0.2133,0.7867,0.9458,0.9438,2.24,,,,,,,,,,,"{""0"": 11510, ""1"": 1923, ""2"": 1249, ""3"": 571, ""4"": 74, ""5"": 9}","{""0"": 8408, ""1"": 2501, ""2"": 2440, ""3"": 1251, ""4"": 597, ""5"": 139}"
regular__fold_val__logistic_regression:balanced__fold_2,regular,fold_val,fold_2,logistic_regression,balanced,logistic_regression:balanced,supervised,15336,0.881,0.7158,0.7997,0.6843,0.0324,0.2003,0.7997,0.9676,,17.15,,,,,,,,,,,"{""0"": 11510, ""1"": 1923, ""2"": 1249, ""3"": 571, ""4"": 74, ""5"": 9}","{""0"": 10792, ""1"": 1919, ""2"": 1756, ""3"": 676, ""4"": 186, ""5"": 7}"
regular__fold_val__logistic_regression:default__fold_2,regular,fold_val,fold_2,logistic_regression,default,logistic_regression:default,supervised,15336,0.8994,0.6129,0.564,0.684,0.0488,0.436,0.564,0.9512,,14.49,,,,,,,,,,,"{""0"": 11510, ""1"": 1923, ""2"": 1249, ""3"": 571, ""4"": 74, ""5"": 9}","{""0"": 12200, ""1"": 1769, ""2"": 934, ""3"": 383, ""4"": 50}"
regular__fold_val__logistic_regression:oversampled__fold_2,regular,fold_val,fold_2,logistic_regression,oversampled,logistic_regression:oversampled,supervised,15336,0.8923,0.7379,0.7924,0.7147,0.0322,0.2076,0.7924,0.9678,,38.26,,,,,,,,,,,"{""0"": 11510, ""1"": 1923, ""2"": 1249, ""3"": 571, ""4"": 74, ""5"": 9}","{""0"": 11064, ""1"": 1884, ""2"": 1613, ""3"": 624, ""4"": 144, ""5"": 7}"
regular__fold_val__logistic_regression:strong_regularization__fold_2,regular,fold_val,fold_2,logistic_regression,strong_regularization,logistic_regression:strong_regularization,supervised,15336,0.8727,0.5218,0.4514,0.6981,0.0731,0.5486,0.4514,0.9269,,10.57,,,,,,,,,,,"{""0"": 11510, ""1"": 1923, ""2"": 1249, ""3"": 571, ""4"": 74, ""5"": 9}","{""0"": 12919, ""1"": 1502, ""2"": 599, ""3"": 296, ""4"": 20}"
regular__fold_val__logistic_regression:weak_regularization__fold_2,regular,fold_val,fold_2,logistic_regression,weak_regularization,logistic_regression:weak_regularization,supervised,15336,0.9024,0.7239,0.6555,0.8432,0.0435,0.3445,0.6555,0.9565,,24.59,,,,,,,,,,,"{""0"": 11510, ""1"": 1923, ""2"": 1249, ""3"": 571, ""4"": 74, ""5"": 9}","{""0"": 11963, ""1"": 1816, ""2"": 1087, ""3"": 416, ""4"": 50, ""5"": 4}"
regular__fold_val__linear_svc:balanced__fold_2,regular,fold_val,fold_2,linear_svc,balanced,linear_svc:balanced,supervised,15336,0.9025,0.756,0.7491,0.775,0.0347,0.2509,0.7491,0.9653,,4.87,,,,,,,,,,,"{""0"": 11510, ""1"": 1923, ""2"": 1249, ""3"": 571, ""4"": 74, ""5"": 9}","{""0"": 11450, ""1"": 1908, ""2"": 1348, ""3"": 534, ""4"": 90, ""5"": 6}"
regular__fold_val__linear_svc:default__fold_2,regular,fold_val,fold_2,linear_svc,default,linear_svc:default,supervised,15336,0.9036,0.7418,0.6903,0.8119,0.0416,0.3097,0.6903,0.9584,,4.12,,,,,,,,,,,"{""0"": 11510, ""1"": 1923, ""2"": 1249, ""3"": 571, ""4"": 74, ""5"": 9}","{""0"": 11878, ""1"": 1882, ""2"": 1071, ""3"": 443, ""4"": 56, ""5"": 6}"
regular__fold_val__linear_svc:oversampled__fold_2,regular,fold_val,fold_2,linear_svc,oversampled,linear_svc:oversampled,supervised,15336,0.8963,0.7497,0.7534,0.7605,0.0347,0.2466,0.7534,0.9653,,88.98,,,,,,,,,,,"{""0"": 11510, ""1"": 1923, ""2"": 1249, ""3"": 571, ""4"": 74, ""5"": 9}","{""0"": 11304, ""1"": 1901, ""2"": 1474, ""3"": 555, ""4"": 96, ""5"": 6}"
regular__fold_val__linear_svc:strong_regularization__fold_2,regular,fold_val,fold_2,linear_svc,strong_regularization,linear_svc:strong_regularization,supervised,15336,0.8985,0.6062,0.5548,0.6847,0.0503,0.4452,0.5548,0.9496,,2.96,,,,,,,,,,,"{""0"": 11510, ""1"": 1923, ""2"": 1249, ""3"": 571, ""4"": 74, ""5"": 9}","{""0"": 12256, ""1"": 1788, ""2"": 853, ""3"": 393, ""4"": 46}"
regular__fold_val__linear_svc:weak_regularization__fold_2,regular,fold_val,fold_2,linear_svc,weak_regularization,linear_svc:weak_regularization,supervised,15336,0.8972,0.7217,0.6836,0.7715,0.0414,0.3164,0.6836,0.9586,,13.98,,,,,,,,,,,"{""0"": 11510, ""1"": 1923, ""2"": 1249, ""3"": 571, ""4"": 74, ""5"": 9}","{""0"": 11712, ""1"": 1880, ""2"": 1212, ""3"": 473, ""4"": 52, ""5"": 7}"
regular__fold_val__naive_bayes:default__fold_3,regular,fold_val,fold_3,naive_bayes,default,naive_bayes:default,supervised,15336,0.8607,0.433,0.3822,0.7343,0.081,0.6179,0.3821,0.919,0.8436,2.24,,,,,,,,,,,"{""0"": 11467, ""1"": 2002, ""2"": 1265, ""3"": 525, ""4"": 71, ""5"": 6}","{""0"": 13133, ""1"": 1604, ""2"": 379, ""3"": 219, ""4"": 1}"
regular__fold_val__naive_bayes:high_smoothing__fold_3,regular,fold_val,fold_3,naive_bayes,high_smoothing,naive_bayes:high_smoothing,supervised,15336,0.8421,0.3854,0.3367,0.5766,0.0968,0.6633,0.3368,0.9032,0.8117,2.26,,,,,,,,,,,"{""0"": 11467, ""1"": 2002, ""2"": 1265, ""3"": 525, ""4"": 71, ""5"": 6}","{""0"": 13593, ""1"": 1332, ""2"": 246, ""3"": 165}"
regular__fold_val__naive_bayes:low_smoothing__fold_3,regular,fold_val,fold_3,naive_bayes,low_smoothing,naive_bayes:low_smoothing,supervised,15336,0.8783,0.5292,0.5129,0.5935,0.0449,0.4871,0.5129,0.9551,0.9286,2.2,,,,,,,,,,,"{""0"": 11467, ""1"": 2002, ""2"": 1265, ""3"": 525, ""4"": 71, ""5"": 6}","{""0"": 11458, ""1"": 2200, ""2"": 1222, ""3"": 441, ""4"": 15}"
regular__fold_val__naive_bayes:oversampled__fold_3,regular,fold_val,fold_3,naive_bayes,oversampled,naive_bayes:oversampled,supervised,15336,0.74,0.4715,0.7715,0.4196,0.0522,0.2285,0.7715,0.9478,0.9461,2.25,,,,,,,,,,,"{""0"": 11467, ""1"": 2002, ""2"": 1265, ""3"": 525, ""4"": 71, ""5"": 6}","{""0"": 8452, ""1"": 2571, ""2"": 2397, ""3"": 1173, ""4"": 671, ""5"": 72}"
regular__fold_val__logistic_regression:balanced__fold_3,regular,fold_val,fold_3,logistic_regression,balanced,logistic_regression:balanced,supervised,15336,0.8865,0.7014,0.8075,0.6428,0.0314,0.1925,0.8075,0.9686,,19.33,,,,,,,,,,,"{""0"": 11467, ""1"": 2002, ""2"": 1265, ""3"": 525, ""4"": 71, ""5"": 6}","{""0"": 10846, ""1"": 1916, ""2"": 1752, ""3"": 652, ""4"": 161, ""5"": 9}"
regular__fold_val__logistic_regression:default__fold_3,regular,fold_val,fold_3,logistic_regression,default,logistic_regression:default,supervised,15336,0.9008,0.6009,0.5519,0.6718,0.0488,0.4481,0.5519,0.9512,,16.67,,,,,,,,,,,"{""0"": 11467, ""1"": 2002, ""2"": 1265, ""3"": 525, ""4"": 71, ""5"": 6}","{""0"": 12221, ""1"": 1767, ""2"": 936, ""3"": 366, ""4"": 46}"
regular__fold_val__logistic_regression:oversampled__fold_3,regular,fold_val,fold_3,logistic_regression,oversampled,logistic_regression:oversampled,supervised,15336,0.8982,0.7099,0.7687,0.6712,0.0312,0.2313,0.7687,0.9688,,40.54,,,,,,,,,,,"{""0"": 11467, ""1"": 2002, ""2"": 1265, ""3"": 525, ""4"": 71, ""5"": 6}","{""0"": 11132, ""1"": 1893, ""2"": 1584, ""3"": 598, ""4"": 122, ""5"": 7}"
regular__fold_val__logistic_regression:strong_regularization__fold_3,regular,fold_val,fold_3,logistic_regression,strong_regularization,logistic_regression:strong_regularization,supervised,15336,0.8717,0.4791,0.4221,0.6095,0.0733,0.5779,0.4221,0.9267,,10.18,,,,,,,,,,,"{""0"": 11467, ""1"": 2002, ""2"": 1265, ""3"": 525, ""4"": 71, ""5"": 6}","{""0"": 12933, ""1"": 1521, ""2"": 600, ""3"": 268, ""4"": 14}"
regular__fold_val__logistic_regression:weak_regularization__fold_3,regular,fold_val,fold_3,logistic_regression,weak_regularization,logistic_regression:weak_regularization,supervised,15336,0.9059,0.6651,0.6083,0.8321,0.0425,0.3917,0.6083,0.9575,,24.49,,,,,,,,,,,"{""0"": 11467, ""1"": 2002, ""2"": 1265, ""3"": 525, ""4"": 71, ""5"": 6}","{""0"": 11974, ""1"": 1816, ""2"": 1095, ""3"": 398, ""4"": 52, ""5"": 1}"
regular__fold_val__linear_svc:balanced__fold_3,regular,fold_val,fold_3,linear_svc,balanced,linear_svc:balanced,supervised,15336,0.9045,0.708,0.7127,0.7043,0.0342,0.2873,0.7127,0.9658,,4.67,,,,,,,,,,,"{""0"": 11467, ""1"": 2002, ""2"": 1265, ""3"": 525, ""4"": 71, ""5"": 6}","{""0"": 11477, ""1"": 1894, ""2"": 1366, ""3"": 514, ""4"": 79, ""5"": 6}"
regular__fold_val__linear_svc:default__fold_3,regular,fold_val,fold_3,linear_svc,default,linear_svc:default,supervised,15336,0.9079,0.7135,0.6738,0.7625,0.0405,0.3262,0.6738,0.9595,,3.94,,,,,,,,,,,"{""0"": 11467, ""1"": 2002, ""2"": 1265, ""3"": 525, ""4"": 71, ""5"": 6}","{""0"": 11913, ""1"": 1864, ""2"": 1083, ""3"": 415, ""4"": 56, ""5"": 5}"
regular__fold_val__linear_svc:oversampled__fold_3,regular,fold_val,fold_3,linear_svc,oversampled,linear_svc:oversampled,supervised,15336,0.8978,0.7109,0.7374,0.6915,0.0344,0.2626,0.7374,0.9656,,83.59,,,,,,,,,,,"{""0"": 11467, ""1"": 2002, ""2"": 1265, ""3"": 525, ""4"": 71, ""5"": 6}","{""0"": 11319, ""1"": 1898, ""2"": 1470, ""3"": 544, ""4"": 99, ""5"": 6}"
regular__fold_val__linear_svc:strong_regularization__fold_3,regular,fold_val,fold_3,linear_svc,strong_regularization,linear_svc:strong_regularization,supervised,15336,0.8993,0.6292,0.5633,0.753,0.0505,0.4367,0.5633,0.9495,,3.05,,,,,,,,,,,"{""0"": 11467, ""1"": 2002, ""2"": 1265, ""3"": 525, ""4"": 71, ""5"": 6}","{""0"": 12271, ""1"": 1816, ""2"": 848, ""3"": 359, ""4"": 40, ""5"": 2}"
regular__fold_val__linear_svc:weak_regularization__fold_3,regular,fold_val,fold_3,linear_svc,weak_regularization,linear_svc:weak_regularization,supervised,15336,0.8993,0.7097,0.6834,0.74,0.0401,0.3166,0.6834,0.9599,,14.5,,,,,,,,,,,"{""0"": 11467, ""1"": 2002, ""2"": 1265, ""3"": 525, ""4"": 71, ""5"": 6}","{""0"": 11704, ""1"": 1887, ""2"": 1213, ""3"": 467, ""4"": 60, ""5"": 5}"
regular__fold_val__naive_bayes:default__fold_4,regular,fold_val,fold_4,naive_bayes,default,naive_bayes:default,supervised,15336,0.861,0.4254,0.3771,0.5652,0.0824,0.6229,0.3771,0.9176,0.8763,2.2,,,,,,,,,,,"{""0"": 11553, ""1"": 1936, ""2"": 1249, ""3"": 526, ""4"": 68, ""5"": 4}","{""0"": 13180, ""1"": 1564, ""2"": 382, ""3"": 210}"
regular__fold_val__naive_bayes:high_smoothing__fold_4,regular,fold_val,fold_4,naive_bayes,high_smoothing,naive_bayes:high_smoothing,supervised,15336,0.8441,0.3855,0.3369,0.5731,0.0977,0.6631,0.3369,0.9022,0.8485,2.14,,,,,,,,,,,"{""0"": 11553, ""1"": 1936, ""2"": 1249, ""3"": 526, ""4"": 68, ""5"": 4}","{""0"": 13625, ""1"": 1297, ""2"": 250, ""3"": 164}"
regular__fold_val__naive_bayes:low_smoothing__fold_4,regular,fold_val,fold_4,naive_bayes,low_smoothing,naive_bayes:low_smoothing,supervised,15336,0.8795,0.6414,0.6068,0.7493,0.0443,0.3932,0.6068,0.9557,0.9472,2.29,,,,,,,,,,,"{""0"": 11553, ""1"": 1936, ""2"": 1249, ""3"": 526, ""4"": 68, ""5"": 4}","{""0"": 11507, ""1"": 2135, ""2"": 1246, ""3"": 430, ""4"": 15, ""5"": 3}"
regular__fold_val__naive_bayes:oversampled__fold_4,regular,fold_val,fold_4,naive_bayes,oversampled,naive_bayes:oversampled,supervised,15336,0.7445,0.466,0.7867,0.4155,0.0515,0.2133,0.7867,0.9485,0.9475,2.29,,,,,,,,,,,"{""0"": 11553, ""1"": 1936, ""2"": 1249, ""3"": 526, ""4"": 68, ""5"": 4}","{""0"": 8582, ""1"": 2502, ""2"": 2435, ""3"": 1139, ""4"": 578, ""5"": 100}"
regular__fold_val__logistic_regression:balanced__fold_4,regular,fold_val,fold_4,logistic_regression,balanced,logistic_regression:balanced,supervised,15336,0.8837,0.7269,0.8325,0.6701,0.032,0.1675,0.8325,0.968,,16.99,,,,,,,,,,,"{""0"": 11553, ""1"": 1936, ""2"": 1249, ""3"": 526, ""4"": 68, ""5"": 4}","{""0"": 10856, ""1"": 1900, ""2"": 1808, ""3"": 607, ""4"": 160, ""5"": 5}"
regular__fold_val__logistic_regression:default__fold_4,regular,fold_val,fold_4,logistic_regression,default,logistic_regression:default,supervised,15336,0.8998,0.5867,0.5342,0.6705,0.0502,0.4658,0.5342,0.9497,,19.14,,,,,,,,,,,"{""0"": 11553, ""1"": 1936, ""2"": 1249, ""3"": 526, ""4"": 68, ""5"": 4}","{""0"": 12305, ""1"": 1733, ""2"": 910, ""3"": 352, ""4"": 36}"
regular__fold_val__logistic_regression:oversampled__fold_4,regular,fold_val,fold_4,logistic_regression,oversampled,logistic_regression:oversampled,supervised,15336,0.8928,0.7369,0.8091,0.6914,0.0329,0.1909,0.8091,0.9671,,40.64,,,,,,,,,,,"{""0"": 11553, ""1"": 1936, ""2"": 1249, ""3"": 526, ""4"": 68, ""5"": 4}","{""0"": 11137, ""1"": 1892, ""2"": 1618, ""3"": 557, ""4"": 127, ""5"": 5}"
regular__fold_val__logistic_regression:strong_regularization__fold_4,regular,fold_val,fold_4,logistic_regression,strong_regularization,logistic_regression:strong_regularization,supervised,15336,0.8721,0.481,0.4198,0.703,0.0746,0.5802,0.4199,0.9254,,9.55,,,,,,,,,,,"{""0"": 11553, ""1"": 1936, ""2"": 1249, ""3"": 526, ""4"": 68, ""5"": 4}","{""0"": 13000, ""1"": 1482, ""2"": 590, ""3"": 258, ""4"": 6}"
regular__fold_val__logistic_regression:weak_regularization__fold_4,regular,fold_val,fold_4,logistic_regression,weak_regularization,logistic_regression:weak_regularization,supervised,15336,0.9023,0.7392,0.6795,0.8251,0.0448,0.3205,0.6795,0.9553,,25.24,,,,,,,,,,,"{""0"": 11553, ""1"": 1936, ""2"": 1249, ""3"": 526, ""4"": 68, ""5"": 4}","{""0"": 12046, ""1"": 1774, ""2"": 1096, ""3"": 378, ""4"": 39, ""5"": 3}"
regular__fold_val__linear_svc:balanced__fold_4,regular,fold_val,fold_4,linear_svc,balanced,linear_svc:balanced,supervised,15336,0.8994,0.7502,0.7544,0.7477,0.037,0.2456,0.7544,0.963,,5.16,,,,,,,,,,,"{""0"": 11553, ""1"": 1936, ""2"": 1249, ""3"": 526, ""4"": 68, ""5"": 4}","{""0"": 11526, ""1"": 1859, ""2"": 1385, ""3"": 486, ""4"": 76, ""5"": 4}"
regular__fold_val__linear_svc:default__fold_4,regular,fold_val,fold_4,linear_svc,default,linear_svc:default,supervised,15336,0.9043,0.7321,0.6669,0.8381,0.0426,0.3331,0.6669,0.9574,,3.78,,,,,,,,,,,"{""0"": 11553, ""1"": 1936, ""2"": 1249, ""3"": 526, ""4"": 68, ""5"": 4}","{""0"": 11967, ""1"": 1844, ""2"": 1079, ""3"": 397, ""4"": 47, ""5"": 2}"
regular__fold_val__linear_svc:oversampled__fold_4,regular,fold_val,fold_4,linear_svc,oversampled,linear_svc:oversampled,supervised,15336,0.894,0.7443,0.7601,0.7324,0.0364,0.2399,0.7601,0.9637,,83.5,,,,,,,,,,,"{""0"": 11553, ""1"": 1936, ""2"": 1249, ""3"": 526, ""4"": 68, ""5"": 4}","{""0"": 11376, ""1"": 1863, ""2"": 1498, ""3"": 512, ""4"": 83, ""5"": 4}"
regular__fold_val__linear_svc:strong_regularization__fold_4,regular,fold_val,fold_4,linear_svc,strong_regularization,linear_svc:strong_regularization,supervised,15336,0.8989,0.584,0.526,0.6912,0.0521,0.474,0.5261,0.9479,,3.11,,,,,,,,,,,"{""0"": 11553, ""1"": 1936, ""2"": 1249, ""3"": 526, ""4"": 68, ""5"": 4}","{""0"": 12362, ""1"": 1759, ""2"": 835, ""3"": 352, ""4"": 28}"
regular__fold_val__linear_svc:weak_regularization__fold_4,regular,fold_val,fold_4,linear_svc,weak_regularization,linear_svc:weak_regularization,supervised,15336,0.8963,0.7052,0.6673,0.7549,0.0425,0.3328,0.6673,0.9575,,14.86,,,,,,,,,,,"{""0"": 11553, ""1"": 1936, ""2"": 1249, ""3"": 526, ""4"": 68, ""5"": 4}","{""0"": 11768, ""1"": 1853, ""2"": 1235, ""3"": 428, ""4"": 49, ""5"": 3}"
regular__fold_val__naive_bayes:default__fold_5,regular,fold_val,fold_5,naive_bayes,default,naive_bayes:default,supervised,15335,0.8602,0.4195,0.3718,0.5705,0.0812,0.6282,0.3718,0.9188,0.8365,2.13,,,,,,,,,,,"{""0"": 11467, ""1"": 2049, ""2"": 1228, ""3"": 522, ""4"": 62, ""5"": 7}","{""0"": 13126, ""1"": 1670, ""2"": 351, ""3"": 188}"
regular__fold_val__naive_bayes:high_smoothing__fold_5,regular,fold_val,fold_5,naive_bayes,high_smoothing,naive_bayes:high_smoothing,supervised,15335,0.8397,0.3781,0.3309,0.5712,0.0982,0.6692,0.3309,0.9019,0.8069,2.16,,,,,,,,,,,"{""0"": 11467, ""1"": 2049, ""2"": 1228, ""3"": 522, ""4"": 62, ""5"": 7}","{""0"": 13607, ""1"": 1348, ""2"": 223, ""3"": 157}"
regular__fold_val__naive_bayes:low_smoothing__fold_5,regular,fold_val,fold_5,naive_bayes,low_smoothing,naive_bayes:low_smoothing,supervised,15335,0.8784,0.6068,0.5688,0.7718,0.0435,0.4313,0.5688,0.9565,0.9168,2.36,,,,,,,,,,,"{""0"": 11467, ""1"": 2049, ""2"": 1228, ""3"": 522, ""4"": 62, ""5"": 7}","{""0"": 11373, ""1"": 2275, ""2"": 1225, ""3"": 430, ""4"": 31, ""5"": 1}"
regular__fold_val__naive_bayes:oversampled__fold_5,regular,fold_val,fold_5,naive_bayes,oversampled,naive_bayes:oversampled,supervised,15335,0.75,0.4763,0.7633,0.4228,0.0499,0.2367,0.7633,0.9501,0.9407,2.58,,,,,,,,,,,"{""0"": 11467, ""1"": 2049, ""2"": 1228, ""3"": 522, ""4"": 62, ""5"": 7}","{""0"": 8549, ""1"": 2585, ""2"": 2406, ""3"": 1181, ""4"": 534, ""5"": 80}"
regular__fold_val__logistic_regression:balanced__fold_5,regular,fold_val,fold_5,logistic_regression,balanced,logistic_regression:balanced,supervised,15335,0.8876,0.7275,0.8264,0.6811,0.0303,0.1736,0.8264,0.9697,,16.97,,,,,,,,,,,"{""0"": 11467, ""1"": 2049, ""2"": 1228, ""3"": 522, ""4"": 62, ""5"": 7}","{""0"": 10803, ""1"": 2004, ""2"": 1706, ""3"": 648, ""4"": 167, ""5"": 7}"
regular__fold_val__logistic_regression:default__fold_5,regular,fold_val,fold_5,logistic_regression,default,logistic_regression:default,supervised,15335,0.903,0.6187,0.5645,0.701,0.0472,0.4355,0.5645,0.9528,,15.98,,,,,,,,,,,"{""0"": 11467, ""1"": 2049, ""2"": 1228, ""3"": 522, ""4"": 62, ""5"": 7}","{""0"": 12182, ""1"": 1865, ""2"": 911, ""3"": 338, ""4"": 39}"
regular__fold_val__logistic_regression:oversampled__fold_5,regular,fold_val,fold_5,logistic_regression,oversampled,logistic_regression:oversampled,supervised,15335,0.8971,0.7284,0.7851,0.7004,0.0306,0.2149,0.7851,0.9694,,1578.04,,,,,,,,,,,"{""0"": 11467, ""1"": 2049, ""2"": 1228, ""3"": 522, ""4"": 62, ""5"": 7}","{""0"": 11057, ""1"": 1980, ""2"": 1583, ""3"": 585, ""4"": 124, ""5"": 6}"
regular__fold_val__logistic_regression:strong_regularization__fold_5,regular,fold_val,fold_5,logistic_regression,strong_regularization,logistic_regression:strong_regularization,supervised,15335,0.8724,0.5142,0.4421,0.7215,0.0729,0.5579,0.4421,0.9271,,19.55,,,,,,,,,,,"{""0"": 11467, ""1"": 2049, ""2"": 1228, ""3"": 522, ""4"": 62, ""5"": 7}","{""0"": 12925, ""1"": 1578, ""2"": 558, ""3"": 261, ""4"": 13}"
regular__fold_val__logistic_regression:weak_regularization__fold_5,regular,fold_val,fold_5,logistic_regression,weak_regularization,logistic_regression:weak_regularization,supervised,15335,0.9067,0.7063,0.6347,0.8639,0.0411,0.3653,0.6347,0.9589,,70.9,,,,,,,,,,,"{""0"": 11467, ""1"": 2049, ""2"": 1228, ""3"": 522, ""4"": 62, ""5"": 7}","{""0"": 11937, ""1"": 1905, ""2"": 1076, ""3"": 376, ""4"": 39, ""5"": 2}"
regular__fold_val__linear_svc:balanced__fold_5,regular,fold_val,fold_5,linear_svc,balanced,linear_svc:balanced,supervised,15335,0.9058,0.7404,0.7438,0.7407,0.0329,0.2562,0.7438,0.9671,,4.67,,,,,,,,,,,"{""0"": 11467, ""1"": 2049, ""2"": 1228, ""3"": 522, ""4"": 62, ""5"": 7}","{""0"": 11411, ""1"": 1994, ""2"": 1353, ""3"": 496, ""4"": 75, ""5"": 6}"
regular__fold_val__linear_svc:default__fold_5,regular,fold_val,fold_5,linear_svc,default,linear_svc:default,supervised,15335,0.9096,0.7393,0.6927,0.8012,0.0393,0.3073,0.6927,0.9607,,3.86,,,,,,,,,,,"{""0"": 11467, ""1"": 2049, ""2"": 1228, ""3"": 522, ""4"": 62, ""5"": 7}","{""0"": 11870, ""1"": 1970, ""2"": 1046, ""3"": 401, ""4"": 42, ""5"": 6}"
regular__fold_val__linear_svc:oversampled__fold_5,regular,fold_val,fold_5,linear_svc,oversampled,linear_svc:oversampled,supervised,15335,0.8993,0.739,0.754,0.7307,0.0335,0.246,0.754,0.9665,,98.46,,,,,,,,,,,"{""0"": 11467, ""1"": 2049, ""2"": 1228, ""3"": 522, ""4"": 62, ""5"": 7}","{""0"": 11292, ""1"": 1987, ""2"": 1451, ""3"": 518, ""4"": 81, ""5"": 6}"
regular__fold_val__linear_svc:strong_regularization__fold_5,regular,fold_val,fold_5,linear_svc,strong_regularization,linear_svc:strong_regularization,supervised,15335,0.9036,0.6557,0.5741,0.8952,0.0486,0.4259,0.5741,0.9514,,1.69,,,,,,,,,,,"{""0"": 11467, ""1"": 2049, ""2"": 1228, ""3"": 522, ""4"": 62, ""5"": 7}","{""0"": 12264, ""1"": 1895, ""2"": 807, ""3"": 339, ""4"": 29, ""5"": 1}"
regular__fold_val__linear_svc:weak_regularization__fold_5,regular,fold_val,fold_5,linear_svc,weak_regularization,linear_svc:weak_regularization,supervised,15335,0.9011,0.7236,0.6916,0.7635,0.0389,0.3084,0.6916,0.9611,,6.85,,,,,,,,,,,"{""0"": 11467, ""1"": 2049, ""2"": 1228, ""3"": 522, ""4"": 62, ""5"": 7}","{""0"": 11668, ""1"": 1974, ""2"": 1195, ""3"": 447, ""4"": 45, ""5"": 6}"
regular__fold_mean__linear_svc:balanced,regular,fold_mean,,linear_svc,balanced,linear_svc:balanced,supervised,76679,0.9028,0.7346,0.7396,0.7341,0.0348,0.2604,0.7396,0.9652,,4.818,0.0022,0.0185,0.0145,0.0274,0.0013,0.0145,0.0145,0.0013,,0.1861,,
regular__fold_mean__linear_svc:default,regular,fold_mean,,linear_svc,default,linear_svc:default,supervised,76679,0.9057,0.7258,0.6809,0.7894,0.0412,0.3191,0.6809,0.9588,,3.898,0.0026,0.0153,0.0097,0.0371,0.0012,0.0097,0.0097,0.0012,,0.125,,
regular__fold_mean__linear_svc:oversampled,regular,fold_mean,,linear_svc,oversampled,linear_svc:oversampled,supervised,76679,0.8963,0.7312,0.7494,0.7209,0.035,0.2506,0.7494,0.965,,90.036,0.002,0.0164,0.0084,0.027,0.0011,0.0084,0.0084,0.001,,6.1297,,
regular__fold_mean__linear_svc:strong_regularization,regular,fold_mean,,linear_svc,strong_regularization,linear_svc:strong_regularization,supervised,76679,0.9001,0.6215,0.5563,0.7573,0.0503,0.4437,0.5563,0.9497,,2.76,0.0018,0.0244,0.0163,0.0758,0.0011,0.0163,0.0163,0.0011,,0.5375,,
regular__fold_mean__linear_svc:weak_regularization,regular,fold_mean,,linear_svc,weak_regularization,linear_svc:weak_regularization,supervised,76679,0.8975,0.7064,0.6772,0.743,0.041,0.3228,0.6772,0.959,,12.808,0.0025,0.0187,0.0116,0.0308,0.0013,0.0116,0.0116,0.0013,,3.001,,
regular__fold_mean__logistic_regression:balanced,regular,fold_mean,,logistic_regression,balanced,logistic_regression:balanced,supervised,76679,0.8847,0.7131,0.8205,0.6608,0.0315,0.1795,0.8205,0.9685,,17.568,0.0023,0.0135,0.0144,0.0228,0.0007,0.0144,0.0144,0.0007,,0.8943,,
regular__fold_mean__logistic_regression:default,regular,fold_mean,,logistic_regression,default,logistic_regression:default,supervised,76679,0.9008,0.6004,0.5493,0.6789,0.0487,0.4507,0.5493,0.9513,,16.378,0.0013,0.014,0.014,0.0124,0.001,0.014,0.014,0.001,,1.5509,,
regular__fold_mean__logistic_regression:oversampled,regular,fold_mean,,logistic_regression,oversampled,logistic_regression:oversampled,supervised,76679,0.8948,0.7264,0.7946,0.688,0.0319,0.2054,0.7946,0.9681,,346.506,0.0024,0.0107,0.0173,0.0191,0.0008,0.0173,0.0173,0.0008,,615.7704,,
regular__fold_mean__logistic_regression:strong_regularization,regular,fold_mean,,logistic_regression,strong_regularization,logistic_regression:strong_regularization,supervised,76679,0.872,0.4966,0.4314,0.6812,0.0737,0.5686,0.4314,0.9263,,11.914,0.0006,0.0178,0.0129,0.0389,0.0007,0.0129,0.0129,0.0007,,3.8347,,
regular__fold_mean__logistic_regression:weak_regularization,regular,fold_mean,,logistic_regression,weak_regularization,logistic_regression:weak_regularization,supervised,76679,0.904,0.6987,0.6348,0.8387,0.0432,0.3652,0.6348,0.9569,,33.99,0.0019,0.0318,0.0305,0.014,0.0013,0.0305,0.0305,0.0012,,18.4568,,
regular__fold_mean__naive_bayes:default,regular,fold_mean,,naive_bayes,default,naive_bayes:default,supervised,76679,0.8602,0.4244,0.3759,0.6175,0.0819,0.6242,0.3758,0.9181,0.8506,2.164,0.0008,0.0063,0.0047,0.0662,0.0008,0.0047,0.0047,0.0008,0.017,0.0476,,
regular__fold_mean__naive_bayes:high_smoothing,regular,fold_mean,,naive_bayes,high_smoothing,naive_bayes:high_smoothing,supervised,76679,0.8417,0.3808,0.3333,0.5732,0.0979,0.6667,0.3334,0.9021,0.82,2.16,0.0015,0.0044,0.0034,0.0055,0.0006,0.0034,0.0034,0.0006,0.0187,0.0537,,
regular__fold_mean__naive_bayes:low_smoothing,regular,fold_mean,,naive_bayes,low_smoothing,naive_bayes:low_smoothing,supervised,76679,0.878,0.5964,0.5645,0.7026,0.0444,0.4355,0.5645,0.9556,0.9317,2.232,0.0011,0.0509,0.0401,0.0833,0.0005,0.0401,0.0401,0.0005,0.0102,0.0813,,
regular__fold_mean__naive_bayes:oversampled,regular,fold_mean,,naive_bayes,oversampled,naive_bayes:oversampled,supervised,76679,0.7412,0.4718,0.7817,0.4191,0.0521,0.2183,0.7817,0.9479,0.9435,2.32,0.0057,0.0033,0.0129,0.0023,0.0014,0.013,0.013,0.0014,0.0031,0.1313,,
stratified__val__naive_bayes:default,stratified,val,,naive_bayes,default,naive_bayes:default,supervised,8520,0.8638,0.4333,0.3831,0.5747,0.0813,0.6169,0.3831,0.9187,0.8534,1.17,,,,,,,,,,,"{""0"": 6384, ""1"": 1103, ""2"": 699, ""3"": 293, ""4"": 38, ""5"": 3}","{""0"": 7317, ""1"": 867, ""2"": 213, ""3"": 123}"
stratified__test__naive_bayes:default,stratified,test,,naive_bayes,default,naive_bayes:default,supervised,8520,0.8624,0.4285,0.3812,0.566,0.0795,0.6188,0.3812,0.9205,0.8746,1.17,,,,,,,,,,,"{""0"": 6384, ""1"": 1103, ""2"": 699, ""3"": 293, ""4"": 38, ""5"": 3}","{""0"": 7272, ""1"": 916, ""2"": 213, ""3"": 119}"
stratified__val__naive_bayes:high_smoothing,stratified,val,,naive_bayes,high_smoothing,naive_bayes:high_smoothing,supervised,8520,0.8442,0.3862,0.3375,0.5791,0.0969,0.6625,0.3375,0.9031,0.8204,1.2,,,,,,,,,,,"{""0"": 6384, ""1"": 1103, ""2"": 699, ""3"": 293, ""4"": 38, ""5"": 3}","{""0"": 7558, ""1"": 736, ""2"": 136, ""3"": 90}"
stratified__test__naive_bayes:high_smoothing,stratified,test,,naive_bayes,high_smoothing,naive_bayes:high_smoothing,supervised,8520,0.842,0.382,0.3356,0.5636,0.096,0.6644,0.3356,0.904,0.8479,1.17,,,,,,,,,,,"{""0"": 6384, ""1"": 1103, ""2"": 699, ""3"": 293, ""4"": 38, ""5"": 3}","{""0"": 7533, ""1"": 759, ""2"": 135, ""3"": 93}"
stratified__val__naive_bayes:low_smoothing,stratified,val,,naive_bayes,low_smoothing,naive_bayes:low_smoothing,supervised,8520,0.8791,0.556,0.5377,0.6331,0.0429,0.4623,0.5377,0.9571,0.9378,1.17,,,,,,,,,,,"{""0"": 6384, ""1"": 1103, ""2"": 699, ""3"": 293, ""4"": 38, ""5"": 3}","{""0"": 6301, ""1"": 1230, ""2"": 717, ""3"": 262, ""4"": 10}"
stratified__test__naive_bayes:low_smoothing,stratified,test,,naive_bayes,low_smoothing,naive_bayes:low_smoothing,supervised,8520,0.8822,0.6405,0.5925,0.7861,0.0423,0.4075,0.5925,0.9577,0.9467,1.17,,,,,,,,,,,"{""0"": 6384, ""1"": 1103, ""2"": 699, ""3"": 293, ""4"": 38, ""5"": 3}","{""0"": 6328, ""1"": 1234, ""2"": 700, ""3"": 245, ""4"": 12, ""5"": 1}"
stratified__val__naive_bayes:oversampled,stratified,val,,naive_bayes,oversampled,naive_bayes:oversampled,supervised,8520,0.7431,0.4781,0.8331,0.4216,0.0519,0.1669,0.8331,0.9481,0.9546,1.24,,,,,,,,,,,"{""0"": 6384, ""1"": 1103, ""2"": 699, ""3"": 293, ""4"": 38, ""5"": 3}","{""0"": 4702, ""1"": 1459, ""2"": 1334, ""3"": 671, ""4"": 301, ""5"": 53}"
stratified__test__naive_bayes:oversampled,stratified,test,,naive_bayes,oversampled,naive_bayes:oversampled,supervised,8520,0.7461,0.4821,0.8364,0.4254,0.0509,0.1636,0.8364,0.9491,0.9564,1.24,,,,,,,,,,,"{""0"": 6384, ""1"": 1103, ""2"": 699, ""3"": 293, ""4"": 38, ""5"": 3}","{""0"": 4712, ""1"": 1411, ""2"": 1385, ""3"": 669, ""4"": 292, ""5"": 51}"
stratified__val__logistic_regression:balanced,stratified,val,,logistic_regression,balanced,logistic_regression:balanced,supervised,8520,0.8871,0.7246,0.8101,0.6795,0.031,0.1899,0.8101,0.969,,11.84,,,,,,,,,,,"{""0"": 6384, ""1"": 1103, ""2"": 699, ""3"": 293, ""4"": 38, ""5"": 3}","{""0"": 6007, ""1"": 1095, ""2"": 974, ""3"": 354, ""4"": 87, ""5"": 3}"
stratified__test__logistic_regression:balanced,stratified,test,,logistic_regression,balanced,logistic_regression:balanced,supervised,8520,0.8832,0.6924,0.8296,0.6273,0.0307,0.1704,0.8296,0.9693,,109.56,,,,,,,,,,,"{""0"": 6384, ""1"": 1103, ""2"": 699, ""3"": 293, ""4"": 38, ""5"": 3}","{""0"": 5957, ""1"": 1077, ""2"": 1010, ""3"": 363, ""4"": 108, ""5"": 5}"
stratified__val__logistic_regression:default,stratified,val,,logistic_regression,default,logistic_regression:default,supervised,8520,0.9079,0.5954,0.5435,0.6822,0.0454,0.4565,0.5435,0.9546,,10.2,,,,,,,,,,,"{""0"": 6384, ""1"": 1103, ""2"": 699, ""3"": 293, ""4"": 38, ""5"": 3}","{""0"": 6759, ""1"": 1007, ""2"": 541, ""3"": 195, ""4"": 18}"
stratified__test__logistic_regression:default,stratified,test,,logistic_regression,default,logistic_regression:default,supervised,8520,0.9043,0.612,0.5641,0.6818,0.0457,0.4359,0.5641,0.9543,,10.25,,,,,,,,,,,"{""0"": 6384, ""1"": 1103, ""2"": 699, ""3"": 293, ""4"": 38, ""5"": 3}","{""0"": 6736, ""1"": 991, ""2"": 561, ""3"": 209, ""4"": 23}"
stratified__val__logistic_regression:oversampled,stratified,val,,logistic_regression,oversampled,logistic_regression:oversampled,supervised,8520,0.8972,0.7418,0.8051,0.7036,0.0305,0.1949,0.8051,0.9695,,74.51,,,,,,,,,,,"{""0"": 6384, ""1"": 1103, ""2"": 699, ""3"": 293, ""4"": 38, ""5"": 3}","{""0"": 6132, ""1"": 1086, ""2"": 894, ""3"": 333, ""4"": 72, ""5"": 3}"
stratified__test__logistic_regression:oversampled,stratified,test,,logistic_regression,oversampled,logistic_regression:oversampled,supervised,8520,0.8935,0.708,0.8128,0.6512,0.031,0.1872,0.8127,0.969,,23.27,,,,,,,,,,,"{""0"": 6384, ""1"": 1103, ""2"": 699, ""3"": 293, ""4"": 38, ""5"": 3}","{""0"": 6113, ""1"": 1052, ""2"": 930, ""3"": 336, ""4"": 84, ""5"": 5}"
stratified__val__logistic_regression:strong_regularization,stratified,val,,logistic_regression,strong_regularization,logistic_regression:strong_regularization,supervised,8520,0.8792,0.5052,0.44,0.7098,0.0699,0.56,0.44,0.9301,,5.42,,,,,,,,,,,"{""0"": 6384, ""1"": 1103, ""2"": 699, ""3"": 293, ""4"": 38, ""5"": 3}","{""0"": 7161, ""1"": 855, ""2"": 348, ""3"": 151, ""4"": 5}"
stratified__test__logistic_regression:strong_regularization,stratified,test,,logistic_regression,strong_regularization,logistic_regression:strong_regularization,supervised,8520,0.8766,0.5086,0.4456,0.6705,0.0693,0.5544,0.4457,0.9307,,5.46,,,,,,,,,,,"{""0"": 6384, ""1"": 1103, ""2"": 699, ""3"": 293, ""4"": 38, ""5"": 3}","{""0"": 7125, ""1"": 882, ""2"": 345, ""3"": 160, ""4"": 8}"
stratified__val__logistic_regression:weak_regularization,stratified,val,,logistic_regression,weak_regularization,logistic_regression:weak_regularization,supervised,8520,0.9117,0.7119,0.6419,0.8561,0.04,0.3581,0.6419,0.96,,134.29,,,,,,,,,,,"{""0"": 6384, ""1"": 1103, ""2"": 699, ""3"": 293, ""4"": 38, ""5"": 3}","{""0"": 6633, ""1"": 1030, ""2"": 612, ""3"": 221, ""4"": 23, ""5"": 1}"
stratified__test__logistic_regression:weak_regularization,stratified,test,,logistic_regression,weak_regularization,logistic_regression:weak_regularization,supervised,8520,0.9066,0.7008,0.6408,0.8244,0.0412,0.3592,0.6408,0.9588,,14.68,,,,,,,,,,,"{""0"": 6384, ""1"": 1103, ""2"": 699, ""3"": 293, ""4"": 38, ""5"": 3}","{""0"": 6626, ""1"": 1011, ""2"": 622, ""3"": 231, ""4"": 29, ""5"": 1}"
stratified__val__linear_svc:balanced,stratified,val,,linear_svc,balanced,linear_svc:balanced,supervised,8520,0.9068,0.6997,0.6858,0.7197,0.0344,0.3142,0.6858,0.9656,,2.74,,,,,,,,,,,"{""0"": 6384, ""1"": 1103, ""2"": 699, ""3"": 293, ""4"": 38, ""5"": 3}","{""0"": 6385, ""1"": 1081, ""2"": 738, ""3"": 277, ""4"": 37, ""5"": 2}"
stratified__test__linear_svc:balanced,stratified,test,,linear_svc,balanced,linear_svc:balanced,supervised,8520,0.9002,0.7401,0.7537,0.7303,0.0353,0.2463,0.7537,0.9647,,2.72,,,,,,,,,,,"{""0"": 6384, ""1"": 1103, ""2"": 699, ""3"": 293, ""4"": 38, ""5"": 3}","{""0"": 6349, ""1"": 1054, ""2"": 787, ""3"": 279, ""4"": 48, ""5"": 3}"
stratified__val__linear_svc:default,stratified,val,,linear_svc,default,linear_svc:default,supervised,8520,0.9099,0.7168,0.6921,0.7634,0.0402,0.3079,0.6921,0.9598,,2.34,,,,,,,,,,,"{""0"": 6384, ""1"": 1103, ""2"": 699, ""3"": 293, ""4"": 38, ""5"": 3}","{""0"": 6622, ""1"": 1056, ""2"": 590, ""3"": 225, ""4"": 23, ""5"": 4}"
stratified__test__linear_svc:default,stratified,test,,linear_svc,default,linear_svc:default,supervised,8520,0.9055,0.689,0.6484,0.7419,0.0407,0.3516,0.6484,0.9593,,2.28,,,,,,,,,,,"{""0"": 6384, ""1"": 1103, ""2"": 699, ""3"": 293, ""4"": 38, ""5"": 3}","{""0"": 6598, ""1"": 1042, ""2"": 618, ""3"": 229, ""4"": 31, ""5"": 2}"
stratified__val__linear_svc:oversampled,stratified,val,,linear_svc,oversampled,linear_svc:oversampled,supervised,8520,0.8993,0.6879,0.6801,0.703,0.0346,0.3199,0.6801,0.9654,,239.71,,,,,,,,,,,"{""0"": 6384, ""1"": 1103, ""2"": 699, ""3"": 293, ""4"": 38, ""5"": 3}","{""0"": 6292, ""1"": 1076, ""2"": 822, ""3"": 293, ""4"": 35, ""5"": 2}"
stratified__test__linear_svc:oversampled,stratified,test,,linear_svc,oversampled,linear_svc:oversampled,supervised,8520,0.892,0.7184,0.7638,0.6861,0.0362,0.2362,0.7638,0.9638,,970.76,,,,,,,,,,,"{""0"": 6384, ""1"": 1103, ""2"": 699, ""3"": 293, ""4"": 38, ""5"": 3}","{""0"": 6267, ""1"": 1049, ""2"": 850, ""3"": 295, ""4"": 55, ""5"": 4}"
stratified__val__linear_svc:strong_regularization,stratified,val,,linear_svc,strong_regularization,linear_svc:strong_regularization,supervised,8520,0.9065,0.6734,0.5898,0.8615,0.0472,0.4102,0.5898,0.9528,,1.65,,,,,,,,,,,"{""0"": 6384, ""1"": 1103, ""2"": 699, ""3"": 293, ""4"": 38, ""5"": 3}","{""0"": 6791, ""1"": 1019, ""2"": 501, ""3"": 193, ""4"": 15, ""5"": 1}"
stratified__test__linear_svc:strong_regularization,stratified,test,,linear_svc,strong_regularization,linear_svc:strong_regularization,supervised,8520,0.9028,0.5936,0.5409,0.684,0.0477,0.4591,0.5409,0.9523,,1.65,,,,,,,,,,,"{""0"": 6384, ""1"": 1103, ""2"": 699, ""3"": 293, ""4"": 38, ""5"": 3}","{""0"": 6784, ""1"": 999, ""2"": 508, ""3"": 211, ""4"": 17, ""5"": 1}"
stratified__val__linear_svc:weak_regularization,stratified,val,,linear_svc,weak_regularization,linear_svc:weak_regularization,supervised,8520,0.9032,0.6783,0.6495,0.7192,0.0391,0.3505,0.6495,0.9609,,8.31,,,,,,,,,,,"{""0"": 6384, ""1"": 1103, ""2"": 699, ""3"": 293, ""4"": 38, ""5"": 3}","{""0"": 6500, ""1"": 1054, ""2"": 688, ""3"": 251, ""4"": 24, ""5"": 3}"
stratified__test__linear_svc:weak_regularization,stratified,test,,linear_svc,weak_regularization,linear_svc:weak_regularization,supervised,8520,0.8945,0.7337,0.7116,0.7605,0.0417,0.2884,0.7115,0.9583,,103.69,,,,,,,,,,,"{""0"": 6384, ""1"": 1103, ""2"": 699, ""3"": 293, ""4"": 38, ""5"": 3}","{""0"": 6498, ""1"": 1041, ""2"": 695, ""3"": 253, ""4"": 30, ""5"": 3}"
stratified__fold_val__naive_bayes:default__fold_1,stratified,fold_val,fold_1,naive_bayes,default,naive_bayes:default,supervised,15336,0.8615,0.4282,0.3785,0.5753,0.081,0.6215,0.3785,0.919,0.8656,1.2,,,,,,,,,,,"{""0"": 11491, ""1"": 1985, ""2"": 1257, ""3"": 528, ""4"": 69, ""5"": 6}","{""0"": 13135, ""1"": 1608, ""2"": 397, ""3"": 196}"
stratified__fold_val__naive_bayes:high_smoothing__fold_1,stratified,fold_val,fold_1,naive_bayes,high_smoothing,naive_bayes:high_smoothing,supervised,15336,0.8413,0.3844,0.335,0.5776,0.098,0.665,0.335,0.902,0.8382,1.2,,,,,,,,,,,"{""0"": 11491, ""1"": 1985, ""2"": 1257, ""3"": 528, ""4"": 69, ""5"": 6}","{""0"": 13620, ""1"": 1302, ""2"": 255, ""3"": 159}"
stratified__fold_val__naive_bayes:low_smoothing__fold_1,stratified,fold_val,fold_1,naive_bayes,low_smoothing,naive_bayes:low_smoothing,supervised,15336,0.8809,0.5659,0.5422,0.6253,0.0433,0.4578,0.5422,0.9567,0.9334,1.2,,,,,,,,,,,"{""0"": 11491, ""1"": 1985, ""2"": 1257, ""3"": 528, ""4"": 69, ""5"": 6}","{""0"": 11428, ""1"": 2194, ""2"": 1259, ""3"": 429, ""4"": 26}"
stratified__fold_val__naive_bayes:oversampled__fold_1,stratified,fold_val,fold_1,naive_bayes,oversampled,naive_bayes:oversampled,supervised,15336,0.7421,0.4713,0.767,0.4183,0.052,0.233,0.767,0.948,0.9499,1.26,,,,,,,,,,,"{""0"": 11491, ""1"": 1985, ""2"": 1257, ""3"": 528, ""4"": 69, ""5"": 6}","{""0"": 8469, ""1"": 2585, ""2"": 2475, ""3"": 1172, ""4"": 545, ""5"": 90}"
stratified__fold_val__logistic_regression:balanced__fold_1,stratified,fold_val,fold_1,logistic_regression,balanced,logistic_regression:balanced,supervised,15336,0.8861,0.7263,0.8483,0.6633,0.0314,0.1517,0.8483,0.9686,,9.33,,,,,,,,,,,"{""0"": 11491, ""1"": 1985, ""2"": 1257, ""3"": 528, ""4"": 69, ""5"": 6}","{""0"": 10840, ""1"": 1924, ""2"": 1778, ""3"": 611, ""4"": 174, ""5"": 9}"
stratified__fold_val__logistic_regression:default__fold_1,stratified,fold_val,fold_1,logistic_regression,default,logistic_regression:default,supervised,15336,0.903,0.6499,0.5765,0.8542,0.0474,0.4235,0.5765,0.9526,,9.54,,,,,,,,,,,"{""0"": 11491, ""1"": 1985, ""2"": 1257, ""3"": 528, ""4"": 69, ""5"": 6}","{""0"": 12200, ""1"": 1790, ""2"": 956, ""3"": 352, ""4"": 37, ""5"": 1}"
stratified__fold_val__logistic_regression:oversampled__fold_1,stratified,fold_val,fold_1,logistic_regression,oversampled,logistic_regression:oversampled,supervised,15336,0.8964,0.7314,0.7995,0.6895,0.0318,0.2005,0.7995,0.9681,,19.13,,,,,,,,,,,"{""0"": 11491, ""1"": 1985, ""2"": 1257, ""3"": 528, ""4"": 69, ""5"": 6}","{""0"": 11117, ""1"": 1918, ""2"": 1590, ""3"": 572, ""4"": 132, ""5"": 7}"
stratified__fold_val__logistic_regression:strong_regularization__fold_1,stratified,fold_val,fold_1,logistic_regression,strong_regularization,logistic_regression:strong_regularization,supervised,15336,0.8734,0.5024,0.4358,0.681,0.0731,0.5642,0.4358,0.9269,,5.88,,,,,,,,,,,"{""0"": 11491, ""1"": 1985, ""2"": 1257, ""3"": 528, ""4"": 69, ""5"": 6}","{""0"": 12938, ""1"": 1527, ""2"": 595, ""3"": 262, ""4"": 14}"
stratified__fold_val__logistic_regression:weak_regularization__fold_1,stratified,fold_val,fold_1,logistic_regression,weak_regularization,logistic_regression:weak_regularization,supervised,15336,0.9066,0.6952,0.6251,0.8393,0.0426,0.3749,0.6251,0.9574,,11.35,,,,,,,,,,,"{""0"": 11491, ""1"": 1985, ""2"": 1257, ""3"": 528, ""4"": 69, ""5"": 6}","{""0"": 11994, ""1"": 1831, ""2"": 1080, ""3"": 387, ""4"": 42, ""5"": 2}"
stratified__fold_val__linear_svc:balanced__fold_1,stratified,fold_val,fold_1,linear_svc,balanced,linear_svc:balanced,supervised,15336,0.9059,0.7459,0.7551,0.74,0.0344,0.2449,0.7551,0.9656,,2.72,,,,,,,,,,,"{""0"": 11491, ""1"": 1985, ""2"": 1257, ""3"": 528, ""4"": 69, ""5"": 6}","{""0"": 11499, ""1"": 1908, ""2"": 1350, ""3"": 487, ""4"": 86, ""5"": 6}"
stratified__fold_val__linear_svc:default__fold_1,stratified,fold_val,fold_1,linear_svc,default,linear_svc:default,supervised,15336,0.9073,0.7217,0.6683,0.7955,0.0413,0.3317,0.6683,0.9587,,2.18,,,,,,,,,,,"{""0"": 11491, ""1"": 1985, ""2"": 1257, ""3"": 528, ""4"": 69, ""5"": 6}","{""0"": 11930, ""1"": 1882, ""2"": 1062, ""3"": 410, ""4"": 48, ""5"": 4}"
stratified__fold_val__linear_svc:oversampled__fold_1,stratified,fold_val,fold_1,linear_svc,oversampled,linear_svc:oversampled,supervised,15336,0.9001,0.7471,0.755,0.7461,0.0346,0.245,0.755,0.9653,,53.88,,,,,,,,,,,"{""0"": 11491, ""1"": 1985, ""2"": 1257, ""3"": 528, ""4"": 69, ""5"": 6}","{""0"": 11368, ""1"": 1910, ""2"": 1452, ""3"": 511, ""4"": 90, ""5"": 5}"
stratified__fold_val__linear_svc:strong_regularization__fold_1,stratified,fold_val,fold_1,linear_svc,strong_regularization,linear_svc:strong_regularization,supervised,15336,0.9005,0.6783,0.5936,0.8572,0.0503,0.4064,0.5936,0.9497,,1.66,,,,,,,,,,,"{""0"": 11491, ""1"": 1985, ""2"": 1257, ""3"": 528, ""4"": 69, ""5"": 6}","{""0"": 12292, ""1"": 1829, ""2"": 836, ""3"": 341, ""4"": 36, ""5"": 2}"
stratified__fold_val__linear_svc:weak_regularization__fold_1,stratified,fold_val,fold_1,linear_svc,weak_regularization,linear_svc:weak_regularization,supervised,15336,0.9022,0.7346,0.707,0.7699,0.0401,0.293,0.707,0.9599,,7.58,,,,,,,,,,,"{""0"": 11491, ""1"": 1985, ""2"": 1257, ""3"": 528, ""4"": 69, ""5"": 6}","{""0"": 11759, ""1"": 1873, ""2"": 1197, ""3"": 452, ""4"": 49, ""5"": 6}"
stratified__fold_val__naive_bayes:default__fold_2,stratified,fold_val,fold_2,naive_bayes,default,naive_bayes:default,supervised,15336,0.8614,0.4245,0.3756,0.5739,0.0819,0.6244,0.3756,0.9181,0.8365,1.24,,,,,,,,,,,"{""0"": 11491, ""1"": 1985, ""2"": 1257, ""3"": 529, ""4"": 68, ""5"": 6}","{""0"": 13164, ""1"": 1602, ""2"": 372, ""3"": 198}"
stratified__fold_val__naive_bayes:high_smoothing__fold_2,stratified,fold_val,fold_2,naive_bayes,high_smoothing,naive_bayes:high_smoothing,supervised,15336,0.8437,0.384,0.3352,0.5806,0.0968,0.6648,0.3353,0.9032,0.8019,1.24,,,,,,,,,,,"{""0"": 11491, ""1"": 1985, ""2"": 1257, ""3"": 529, ""4"": 68, ""5"": 6}","{""0"": 13588, ""1"": 1337, ""2"": 266, ""3"": 145}"
stratified__fold_val__naive_bayes:low_smoothing__fold_2,stratified,fold_val,fold_2,naive_bayes,low_smoothing,naive_bayes:low_smoothing,supervised,15336,0.8772,0.5501,0.5285,0.6156,0.0451,0.4715,0.5285,0.955,0.929,1.24,,,,,,,,,,,"{""0"": 11491, ""1"": 1985, ""2"": 1257, ""3"": 529, ""4"": 68, ""5"": 6}","{""0"": 11422, ""1"": 2224, ""2"": 1239, ""3"": 430, ""4"": 21}"
stratified__fold_val__naive_bayes:oversampled__fold_2,stratified,fold_val,fold_2,naive_bayes,oversampled,naive_bayes:oversampled,supervised,15336,0.7419,0.477,0.8028,0.4216,0.0522,0.1973,0.8028,0.9479,0.9502,1.3,,,,,,,,,,,"{""0"": 11491, ""1"": 1985, ""2"": 1257, ""3"": 529, ""4"": 68, ""5"": 6}","{""0"": 8466, ""1"": 2575, ""2"": 2475, ""3"": 1169, ""4"": 568, ""5"": 83}"
stratified__fold_val__logistic_regression:balanced__fold_2,stratified,fold_val,fold_2,logistic_regression,balanced,logistic_regression:balanced,supervised,15336,0.8854,0.7101,0.8099,0.6529,0.0322,0.1901,0.8099,0.9678,,11.49,,,,,,,,,,,"{""0"": 11491, ""1"": 1985, ""2"": 1257, ""3"": 529, ""4"": 68, ""5"": 6}","{""0"": 10856, ""1"": 1934, ""2"": 1732, ""3"": 657, ""4"": 149, ""5"": 8}"
stratified__fold_val__logistic_regression:default__fold_2,stratified,fold_val,fold_2,logistic_regression,default,logistic_regression:default,supervised,15336,0.9021,0.5993,0.5429,0.6944,0.0486,0.4572,0.5428,0.9514,,10.27,,,,,,,,,,,"{""0"": 11491, ""1"": 1985, ""2"": 1257, ""3"": 529, ""4"": 68, ""5"": 6}","{""0"": 12233, ""1"": 1784, ""2"": 940, ""3"": 346, ""4"": 33}"
stratified__fold_val__logistic_regression:oversampled__fold_2,stratified,fold_val,fold_2,logistic_regression,oversampled,logistic_regression:oversampled,supervised,15336,0.8939,0.7387,0.7897,0.7053,0.033,0.2103,0.7896,0.967,,25.17,,,,,,,,,,,"{""0"": 11491, ""1"": 1985, ""2"": 1257, ""3"": 529, ""4"": 68, ""5"": 6}","{""0"": 11122, ""1"": 1933, ""2"": 1564, ""3"": 596, ""4"": 115, ""5"": 6}"
stratified__fold_val__logistic_regression:strong_regularization__fold_2,stratified,fold_val,fold_2,logistic_regression,strong_regularization,logistic_regression:strong_regularization,supervised,15336,0.8725,0.4932,0.4275,0.6814,0.0746,0.5725,0.4275,0.9254,,5.54,,,,,,,,,,,"{""0"": 11491, ""1"": 1985, ""2"": 1257, ""3"": 529, ""4"": 68, ""5"": 6}","{""0"": 12988, ""1"": 1487, ""2"": 595, ""3"": 255, ""4"": 11}"
stratified__fold_val__logistic_regression:weak_regularization__fold_2,stratified,fold_val,fold_2,logistic_regression,weak_regularization,logistic_regression:weak_regularization,supervised,15336,0.9055,0.6948,0.6213,0.8499,0.0428,0.3786,0.6213,0.9571,,12.97,,,,,,,,,,,"{""0"": 11491, ""1"": 1985, ""2"": 1257, ""3"": 529, ""4"": 68, ""5"": 6}","{""0"": 11990, ""1"": 1827, ""2"": 1094, ""3"": 387, ""4"": 36, ""5"": 2}"
stratified__fold_val__linear_svc:balanced__fold_2,stratified,fold_val,fold_2,linear_svc,balanced,linear_svc:balanced,supervised,15336,0.9021,0.7046,0.682,0.7465,0.0363,0.318,0.682,0.9637,,2.75,,,,,,,,,,,"{""0"": 11491, ""1"": 1985, ""2"": 1257, ""3"": 529, ""4"": 68, ""5"": 6}","{""0"": 11532, ""1"": 1916, ""2"": 1327, ""3"": 491, ""4"": 67, ""5"": 3}"
stratified__fold_val__linear_svc:default__fold_2,stratified,fold_val,fold_2,linear_svc,default,linear_svc:default,supervised,15336,0.9073,0.6939,0.6349,0.7902,0.0409,0.3651,0.6349,0.9591,,2.25,,,,,,,,,,,"{""0"": 11491, ""1"": 1985, ""2"": 1257, ""3"": 529, ""4"": 68, ""5"": 6}","{""0"": 11911, ""1"": 1892, ""2"": 1080, ""3"": 410, ""4"": 40, ""5"": 3}"
stratified__fold_val__linear_svc:oversampled__fold_2,stratified,fold_val,fold_2,linear_svc,oversampled,linear_svc:oversampled,supervised,15336,0.897,0.7256,0.7134,0.7473,0.0359,0.2866,0.7134,0.9641,,51.91,,,,,,,,,,,"{""0"": 11491, ""1"": 1985, ""2"": 1257, ""3"": 529, ""4"": 68, ""5"": 6}","{""0"": 11374, ""1"": 1933, ""2"": 1440, ""3"": 516, ""4"": 69, ""5"": 4}"
stratified__fold_val__linear_svc:strong_regularization__fold_2,stratified,fold_val,fold_2,linear_svc,strong_regularization,linear_svc:strong_regularization,supervised,15336,0.9023,0.6388,0.5602,0.8686,0.05,0.4398,0.5602,0.95,,1.66,,,,,,,,,,,"{""0"": 11491, ""1"": 1985, ""2"": 1257, ""3"": 529, ""4"": 68, ""5"": 6}","{""0"": 12286, ""1"": 1811, ""2"": 858, ""3"": 353, ""4"": 27, ""5"": 1}"
stratified__fold_val__linear_svc:weak_regularization__fold_2,stratified,fold_val,fold_2,linear_svc,weak_regularization,linear_svc:weak_regularization,supervised,15336,0.8994,0.6839,0.6393,0.7516,0.041,0.3607,0.6392,0.959,,7.16,,,,,,,,,,,"{""0"": 11491, ""1"": 1985, ""2"": 1257, ""3"": 529, ""4"": 68, ""5"": 6}","{""0"": 11742, ""1"": 1881, ""2"": 1229, ""3"": 441, ""4"": 39, ""5"": 4}"
stratified__fold_val__naive_bayes:default__fold_3,stratified,fold_val,fold_3,naive_bayes,default,naive_bayes:default,supervised,15336,0.8625,0.423,0.3761,0.5687,0.0805,0.6239,0.3761,0.9195,0.8488,1.33,,,,,,,,,,,"{""0"": 11491, ""1"": 1985, ""2"": 1258, ""3"": 528, ""4"": 68, ""5"": 6}","{""0"": 13112, ""1"": 1652, ""2"": 387, ""3"": 185}"
stratified__fold_val__naive_bayes:high_smoothing__fold_3,stratified,fold_val,fold_3,naive_bayes,high_smoothing,naive_bayes:high_smoothing,supervised,15336,0.8444,0.3827,0.3351,0.5779,0.0966,0.6649,0.3352,0.9034,0.8182,1.38,,,,,,,,,,,"{""0"": 11491, ""1"": 1985, ""2"": 1258, ""3"": 528, ""4"": 68, ""5"": 6}","{""0"": 13593, ""1"": 1347, ""2"": 251, ""3"": 145}"
stratified__fold_val__naive_bayes:low_smoothing__fold_3,stratified,fold_val,fold_3,naive_bayes,low_smoothing,naive_bayes:low_smoothing,supervised,15336,0.8788,0.6161,0.5724,0.7625,0.0438,0.4276,0.5724,0.9563,0.9302,1.4,,,,,,,,,,,"{""0"": 11491, ""1"": 1985, ""2"": 1258, ""3"": 528, ""4"": 68, ""5"": 6}","{""0"": 11409, ""1"": 2203, ""2"": 1270, ""3"": 436, ""4"": 16, ""5"": 2}"
stratified__fold_val__naive_bayes:oversampled__fold_3,stratified,fold_val,fold_3,naive_bayes,oversampled,naive_bayes:oversampled,supervised,15336,0.7457,0.4747,0.758,0.4205,0.0509,0.242,0.758,0.9491,0.9374,1.58,,,,,,,,,,,"{""0"": 11491, ""1"": 1985, ""2"": 1258, ""3"": 528, ""4"": 68, ""5"": 6}","{""0"": 8503, ""1"": 2553, ""2"": 2451, ""3"": 1225, ""4"": 538, ""5"": 66}"
stratified__fold_val__logistic_regression:balanced__fold_3,stratified,fold_val,fold_3,logistic_regression,balanced,logistic_regression:balanced,supervised,15336,0.8833,0.7146,0.8166,0.6606,0.0314,0.1834,0.8166,0.9686,,13.04,,,,,,,,,,,"{""0"": 11491, ""1"": 1985, ""2"": 1258, ""3"": 528, ""4"": 68, ""5"": 6}","{""0"": 10761, ""1"": 1962, ""2"": 1798, ""3"": 643, ""4"": 165, ""5"": 7}"
stratified__fold_val__logistic_regression:default__fold_3,stratified,fold_val,fold_3,logistic_regression,default,logistic_regression:default,supervised,15336,0.9008,0.5887,0.5393,0.6673,0.048,0.4607,0.5393,0.952,,10.91,,,,,,,,,,,"{""0"": 11491, ""1"": 1985, ""2"": 1258, ""3"": 528, ""4"": 68, ""5"": 6}","{""0"": 12163, ""1"": 1812, ""2"": 971, ""3"": 354, ""4"": 36}"
stratified__fold_val__logistic_regression:oversampled__fold_3,stratified,fold_val,fold_3,logistic_regression,oversampled,logistic_regression:oversampled,supervised,15336,0.8933,0.7367,0.809,0.691,0.0322,0.1909,0.8091,0.9678,,24.7,,,,,,,,,,,"{""0"": 11491, ""1"": 1985, ""2"": 1258, ""3"": 528, ""4"": 68, ""5"": 6}","{""0"": 11052, ""1"": 1916, ""2"": 1635, ""3"": 600, ""4"": 126, ""5"": 7}"
stratified__fold_val__logistic_regression:strong_regularization__fold_3,stratified,fold_val,fold_3,logistic_regression,strong_regularization,logistic_regression:strong_regularization,supervised,15336,0.8739,0.5078,0.4403,0.6883,0.0722,0.5597,0.4403,0.9278,,6.04,,,,,,,,,,,"{""0"": 11491, ""1"": 1985, ""2"": 1258, ""3"": 528, ""4"": 68, ""5"": 6}","{""0"": 12901, ""1"": 1547, ""2"": 612, ""3"": 261, ""4"": 15}"
stratified__fold_val__logistic_regression:weak_regularization__fold_3,stratified,fold_val,fold_3,logistic_regression,weak_regularization,logistic_regression:weak_regularization,supervised,15336,0.903,0.6825,0.6147,0.8255,0.0434,0.3853,0.6147,0.9567,,15.23,,,,,,,,,,,"{""0"": 11491, ""1"": 1985, ""2"": 1258, ""3"": 528, ""4"": 68, ""5"": 6}","{""0"": 11940, ""1"": 1844, ""2"": 1129, ""3"": 382, ""4"": 39, ""5"": 2}"
stratified__fold_val__linear_svc:balanced__fold_3,stratified,fold_val,fold_3,linear_svc,balanced,linear_svc:balanced,supervised,15336,0.9012,0.7148,0.7251,0.7069,0.0358,0.2749,0.7251,0.9642,,2.7,,,,,,,,,,,"{""0"": 11491, ""1"": 1985, ""2"": 1258, ""3"": 528, ""4"": 68, ""5"": 6}","{""0"": 11448, ""1"": 1914, ""2"": 1377, ""3"": 509, ""4"": 82, ""5"": 6}"
stratified__fold_val__linear_svc:default__fold_3,stratified,fold_val,fold_3,linear_svc,default,linear_svc:default,supervised,15336,0.9041,0.7075,0.6569,0.7785,0.042,0.3431,0.6569,0.958,,2.16,,,,,,,,,,,"{""0"": 11491, ""1"": 1985, ""2"": 1258, ""3"": 528, ""4"": 68, ""5"": 6}","{""0"": 11873, ""1"": 1891, ""2"": 1112, ""3"": 411, ""4"": 45, ""5"": 4}"
stratified__fold_val__linear_svc:oversampled__fold_3,stratified,fold_val,fold_3,linear_svc,oversampled,linear_svc:oversampled,supervised,15336,0.893,0.712,0.7363,0.6934,0.0364,0.2636,0.7363,0.9636,,55.7,,,,,,,,,,,"{""0"": 11491, ""1"": 1985, ""2"": 1258, ""3"": 528, ""4"": 68, ""5"": 6}","{""0"": 11281, ""1"": 1929, ""2"": 1495, ""3"": 535, ""4"": 90, ""5"": 6}"
stratified__fold_val__linear_svc:strong_regularization__fold_3,stratified,fold_val,fold_3,linear_svc,strong_regularization,linear_svc:strong_regularization,supervised,15336,0.9011,0.5881,0.5343,0.6806,0.049,0.4657,0.5343,0.9509,,1.73,,,,,,,,,,,"{""0"": 11491, ""1"": 1985, ""2"": 1258, ""3"": 528, ""4"": 68, ""5"": 6}","{""0"": 12226, ""1"": 1846, ""2"": 881, ""3"": 351, ""4"": 32}"
stratified__fold_val__linear_svc:weak_regularization__fold_3,stratified,fold_val,fold_3,linear_svc,weak_regularization,linear_svc:weak_regularization,supervised,15336,0.8952,0.6812,0.6583,0.7108,0.0424,0.3416,0.6584,0.9576,,7.25,,,,,,,,,,,"{""0"": 11491, ""1"": 1985, ""2"": 1258, ""3"": 528, ""4"": 68, ""5"": 6}","{""0"": 11700, ""1"": 1891, ""2"": 1233, ""3"": 459, ""4"": 47, ""5"": 6}"
stratified__fold_val__naive_bayes:default__fold_4,stratified,fold_val,fold_4,naive_bayes,default,naive_bayes:default,supervised,15336,0.8607,0.4234,0.3756,0.5688,0.0819,0.6244,0.3756,0.9181,0.8653,1.25,,,,,,,,,,,"{""0"": 11491, ""1"": 1984, ""2"": 1258, ""3"": 529, ""4"": 68, ""5"": 6}","{""0"": 13156, ""1"": 1611, ""2"": 364, ""3"": 205}"
stratified__fold_val__naive_bayes:high_smoothing__fold_4,stratified,fold_val,fold_4,naive_bayes,high_smoothing,naive_bayes:high_smoothing,supervised,15336,0.8433,0.384,0.3364,0.5763,0.0971,0.6636,0.3364,0.9029,0.8368,1.31,,,,,,,,,,,"{""0"": 11491, ""1"": 1984, ""2"": 1258, ""3"": 529, ""4"": 68, ""5"": 6}","{""0"": 13599, ""1"": 1340, ""2"": 234, ""3"": 163}"
stratified__fold_val__naive_bayes:low_smoothing__fold_4,stratified,fold_val,fold_4,naive_bayes,low_smoothing,naive_bayes:low_smoothing,supervised,15336,0.8787,0.6379,0.5888,0.7777,0.0444,0.4113,0.5887,0.9556,0.932,1.34,,,,,,,,,,,"{""0"": 11491, ""1"": 1984, ""2"": 1258, ""3"": 529, ""4"": 68, ""5"": 6}","{""0"": 11430, ""1"": 2191, ""2"": 1256, ""3"": 433, ""4"": 24, ""5"": 2}"
stratified__fold_val__naive_bayes:oversampled__fold_4,stratified,fold_val,fold_4,naive_bayes,oversampled,naive_bayes:oversampled,supervised,15336,0.7451,0.4717,0.7685,0.4191,0.0514,0.2315,0.7685,0.9486,0.9322,1.46,,,,,,,,,,,"{""0"": 11491, ""1"": 1984, ""2"": 1258, ""3"": 529, ""4"": 68, ""5"": 6}","{""0"": 8519, ""1"": 2584, ""2"": 2410, ""3"": 1178, ""4"": 542, ""5"": 103}"
stratified__fold_val__logistic_regression:balanced__fold_4,stratified,fold_val,fold_4,logistic_regression,balanced,logistic_regression:balanced,supervised,15336,0.8864,0.7036,0.7836,0.6843,0.0307,0.2164,0.7836,0.9693,,13.07,,,,,,,,,,,"{""0"": 11491, ""1"": 1984, ""2"": 1258, ""3"": 529, ""4"": 68, ""5"": 6}","{""0"": 10825, ""1"": 1946, ""2"": 1732, ""3"": 640, ""4"": 189, ""5"": 4}"
stratified__fold_val__logistic_regression:default__fold_4,stratified,fold_val,fold_4,logistic_regression,default,logistic_regression:default,supervised,15336,0.904,0.6106,0.5606,0.6847,0.0471,0.4394,0.5606,0.9529,,10.35,,,,,,,,,,,"{""0"": 11491, ""1"": 1984, ""2"": 1258, ""3"": 529, ""4"": 68, ""5"": 6}","{""0"": 12197, ""1"": 1808, ""2"": 915, ""3"": 374, ""4"": 42}"
stratified__fold_val__logistic_regression:oversampled__fold_4,stratified,fold_val,fold_4,logistic_regression,oversampled,logistic_regression:oversampled,supervised,15336,0.8974,0.7327,0.7737,0.7512,0.0301,0.2263,0.7737,0.9699,,27.31,,,,,,,,,,,"{""0"": 11491, ""1"": 1984, ""2"": 1258, ""3"": 529, ""4"": 68, ""5"": 6}","{""0"": 11058, ""1"": 1939, ""2"": 1602, ""3"": 587, ""4"": 147, ""5"": 3}"
stratified__fold_val__logistic_regression:strong_regularization__fold_4,stratified,fold_val,fold_4,logistic_regression,strong_regularization,logistic_regression:strong_regularization,supervised,15336,0.8736,0.5077,0.4388,0.7222,0.0733,0.5612,0.4388,0.9267,,6.17,,,,,,,,,,,"{""0"": 11491, ""1"": 1984, ""2"": 1258, ""3"": 529, ""4"": 68, ""5"": 6}","{""0"": 12956, ""1"": 1522, ""2"": 571, ""3"": 276, ""4"": 11}"
stratified__fold_val__logistic_regression:weak_regularization__fold_4,stratified,fold_val,fold_4,logistic_regression,weak_regularization,logistic_regression:weak_regularization,supervised,15336,0.9058,0.6978,0.6298,0.8367,0.0421,0.3702,0.6298,0.9579,,17.09,,,,,,,,,,,"{""0"": 11491, ""1"": 1984, ""2"": 1258, ""3"": 529, ""4"": 68, ""5"": 6}","{""0"": 11974, ""1"": 1862, ""2"": 1063, ""3"": 390, ""4"": 45, ""5"": 2}"
stratified__fold_val__linear_svc:balanced__fold_4,stratified,fold_val,fold_4,linear_svc,balanced,linear_svc:balanced,supervised,15336,0.9058,0.7291,0.729,0.742,0.0326,0.271,0.729,0.9674,,2.65,,,,,,,,,,,"{""0"": 11491, ""1"": 1984, ""2"": 1258, ""3"": 529, ""4"": 68, ""5"": 6}","{""0"": 11430, ""1"": 1966, ""2"": 1333, ""3"": 512, ""4"": 91, ""5"": 4}"
stratified__fold_val__linear_svc:default__fold_4,stratified,fold_val,fold_4,linear_svc,default,linear_svc:default,supervised,15336,0.9085,0.7067,0.6476,0.8294,0.0394,0.3524,0.6476,0.9606,,2.17,,,,,,,,,,,"{""0"": 11491, ""1"": 1984, ""2"": 1258, ""3"": 529, ""4"": 68, ""5"": 6}","{""0"": 11877, ""1"": 1915, ""2"": 1068, ""3"": 422, ""4"": 52, ""5"": 2}"
stratified__fold_val__linear_svc:oversampled__fold_4,stratified,fold_val,fold_4,linear_svc,oversampled,linear_svc:oversampled,supervised,15336,0.8993,0.7122,0.7335,0.7016,0.0331,0.2665,0.7335,0.9669,,65.36,,,,,,,,,,,"{""0"": 11491, ""1"": 1984, ""2"": 1258, ""3"": 529, ""4"": 68, ""5"": 6}","{""0"": 11303, ""1"": 1936, ""2"": 1467, ""3"": 523, ""4"": 102, ""5"": 5}"
stratified__fold_val__linear_svc:strong_regularization__fold_4,stratified,fold_val,fold_4,linear_svc,strong_regularization,linear_svc:strong_regularization,supervised,15336,0.9017,0.6409,0.5685,0.8458,0.0491,0.4315,0.5685,0.9509,,1.87,,,,,,,,,,,"{""0"": 11491, ""1"": 1984, ""2"": 1258, ""3"": 529, ""4"": 68, ""5"": 6}","{""0"": 12260, ""1"": 1844, ""2"": 822, ""3"": 373, ""4"": 36, ""5"": 1}"
stratified__fold_val__linear_svc:weak_regularization__fold_4,stratified,fold_val,fold_4,linear_svc,weak_regularization,linear_svc:weak_regularization,supervised,15336,0.8996,0.7147,0.6696,0.7904,0.039,0.3303,0.6696,0.9609,,7.2,,,,,,,,,,,"{""0"": 11491, ""1"": 1984, ""2"": 1258, ""3"": 529, ""4"": 68, ""5"": 6}","{""0"": 11664, ""1"": 1952, ""2"": 1199, ""3"": 462, ""4"": 56, ""5"": 3}"
stratified__fold_val__naive_bayes:default__fold_5,stratified,fold_val,fold_5,naive_bayes,default,naive_bayes:default,supervised,15335,0.861,0.4266,0.3772,0.5713,0.0811,0.6228,0.3772,0.9189,0.847,1.37,,,,,,,,,,,"{""0"": 11491, ""1"": 1984, ""2"": 1257, ""3"": 529, ""4"": 69, ""5"": 5}","{""0"": 13131, ""1"": 1601, ""2"": 408, ""3"": 195}"
stratified__fold_val__naive_bayes:high_smoothing__fold_5,stratified,fold_val,fold_5,naive_bayes,high_smoothing,naive_bayes:high_smoothing,supervised,15335,0.8419,0.3826,0.3341,0.5748,0.0972,0.666,0.3341,0.9028,0.8156,1.38,,,,,,,,,,,"{""0"": 11491, ""1"": 1984, ""2"": 1257, ""3"": 529, ""4"": 69, ""5"": 5}","{""0"": 13592, ""1"": 1326, ""2"": 267, ""3"": 150}"
stratified__fold_val__naive_bayes:low_smoothing__fold_5,stratified,fold_val,fold_5,naive_bayes,low_smoothing,naive_bayes:low_smoothing,supervised,15335,0.879,0.5678,0.5447,0.6224,0.044,0.4553,0.5447,0.956,0.9311,1.45,,,,,,,,,,,"{""0"": 11491, ""1"": 1984, ""2"": 1257, ""3"": 529, ""4"": 69, ""5"": 5}","{""0"": 11414, ""1"": 2212, ""2"": 1247, ""3"": 434, ""4"": 28}"
stratified__fold_val__naive_bayes:oversampled__fold_5,stratified,fold_val,fold_5,naive_bayes,oversampled,naive_bayes:oversampled,supervised,15335,0.7472,0.4797,0.8012,0.4247,0.0509,0.1988,0.8012,0.9491,0.9425,1.44,,,,,,,,,,,"{""0"": 11491, ""1"": 1984, ""2"": 1257, ""3"": 529, ""4"": 69, ""5"": 5}","{""0"": 8530, ""1"": 2555, ""2"": 2441, ""3"": 1150, ""4"": 585, ""5"": 74}"
stratified__fold_val__logistic_regression:balanced__fold_5,stratified,fold_val,fold_5,logistic_regression,balanced,logistic_regression:balanced,supervised,15335,0.8871,0.7207,0.8462,0.6554,0.0306,0.1539,0.8462,0.9694,,12.24,,,,,,,,,,,"{""0"": 11491, ""1"": 1984, ""2"": 1257, ""3"": 529, ""4"": 69, ""5"": 5}","{""0"": 10820, ""1"": 1919, ""2"": 1780, ""3"": 636, ""4"": 172, ""5"": 8}"
stratified__fold_val__logistic_regression:default__fold_5,stratified,fold_val,fold_5,logistic_regression,default,logistic_regression:default,supervised,15335,0.9005,0.6102,0.5622,0.6795,0.0477,0.4378,0.5622,0.9523,,10.49,,,,,,,,,,,"{""0"": 11491, ""1"": 1984, ""2"": 1257, ""3"": 529, ""4"": 69, ""5"": 5}","{""0"": 12160, ""1"": 1816, ""2"": 958, ""3"": 354, ""4"": 47}"
stratified__fold_val__logistic_regression:oversampled__fold_5,stratified,fold_val,fold_5,logistic_regression,oversampled,logistic_regression:oversampled,supervised,15335,0.8977,0.741,0.8349,0.6849,0.0307,0.1651,0.8349,0.9693,,24.73,,,,,,,,,,,"{""0"": 11491, ""1"": 1984, ""2"": 1257, ""3"": 529, ""4"": 69, ""5"": 5}","{""0"": 11087, ""1"": 1910, ""2"": 1615, ""3"": 583, ""4"": 132, ""5"": 8}"
stratified__fold_val__logistic_regression:strong_regularization__fold_5,stratified,fold_val,fold_5,logistic_regression,strong_regularization,logistic_regression:strong_regularization,supervised,15335,0.8715,0.4818,0.4213,0.6464,0.0732,0.5787,0.4213,0.9268,,6.71,,,,,,,,,,,"{""0"": 11491, ""1"": 1984, ""2"": 1257, ""3"": 529, ""4"": 69, ""5"": 5}","{""0"": 12919, ""1"": 1544, ""2"": 619, ""3"": 242, ""4"": 11}"
stratified__fold_val__logistic_regression:weak_regularization__fold_5,stratified,fold_val,fold_5,logistic_regression,weak_regularization,logistic_regression:weak_regularization,supervised,15335,0.9037,0.7009,0.6406,0.7912,0.0433,0.3594,0.6406,0.9567,,15.32,,,,,,,,,,,"{""0"": 11491, ""1"": 1984, ""2"": 1257, ""3"": 529, ""4"": 69, ""5"": 5}","{""0"": 11985, ""1"": 1842, ""2"": 1080, ""3"": 382, ""4"": 43, ""5"": 3}"
stratified__fold_val__linear_svc:balanced__fold_5,stratified,fold_val,fold_5,linear_svc,balanced,linear_svc:balanced,supervised,15335,0.9044,0.7527,0.7875,0.7281,0.0346,0.2125,0.7875,0.9654,,3.12,,,,,,,,,,,"{""0"": 11491, ""1"": 1984, ""2"": 1257, ""3"": 529, ""4"": 69, ""5"": 5}","{""0"": 11478, ""1"": 1909, ""2"": 1353, ""3"": 500, ""4"": 88, ""5"": 7}"
stratified__fold_val__linear_svc:default__fold_5,stratified,fold_val,fold_5,linear_svc,default,linear_svc:default,supervised,15335,0.9059,0.7333,0.7173,0.769,0.0418,0.2827,0.7173,0.9582,,2.4,,,,,,,,,,,"{""0"": 11491, ""1"": 1984, ""2"": 1257, ""3"": 529, ""4"": 69, ""5"": 5}","{""0"": 11928, ""1"": 1894, ""2"": 1054, ""3"": 405, ""4"": 47, ""5"": 7}"
stratified__fold_val__linear_svc:oversampled__fold_5,stratified,fold_val,fold_5,linear_svc,oversampled,linear_svc:oversampled,supervised,15335,0.8993,0.749,0.7936,0.7174,0.0343,0.2064,0.7936,0.9657,,64.24,,,,,,,,,,,"{""0"": 11491, ""1"": 1984, ""2"": 1257, ""3"": 529, ""4"": 69, ""5"": 5}","{""0"": 11344, ""1"": 1913, ""2"": 1470, ""3"": 507, ""4"": 94, ""5"": 7}"
stratified__fold_val__linear_svc:strong_regularization__fold_5,stratified,fold_val,fold_5,linear_svc,strong_regularization,linear_svc:strong_regularization,supervised,15335,0.8996,0.5936,0.539,0.684,0.0499,0.461,0.539,0.9501,,1.85,,,,,,,,,,,"{""0"": 11491, ""1"": 1984, ""2"": 1257, ""3"": 529, ""4"": 69, ""5"": 5}","{""0"": 12241, ""1"": 1849, ""2"": 860, ""3"": 348, ""4"": 36, ""5"": 1}"
stratified__fold_val__linear_svc:weak_regularization__fold_5,stratified,fold_val,fold_5,linear_svc,weak_regularization,linear_svc:weak_regularization,supervised,15335,0.8993,0.7276,0.7274,0.7386,0.0408,0.2726,0.7274,0.9592,,8.32,,,,,,,,,,,"{""0"": 11491, ""1"": 1984, ""2"": 1257, ""3"": 529, ""4"": 69, ""5"": 5}","{""0"": 11733, ""1"": 1902, ""2"": 1207, ""3"": 428, ""4"": 58, ""5"": 7}"
stratified__fold_mean__linear_svc:balanced,stratified,fold_mean,,linear_svc,balanced,linear_svc:balanced,supervised,76679,0.9039,0.7294,0.7357,0.7327,0.0347,0.2643,0.7357,0.9653,,2.788,0.0019,0.0181,0.0349,0.0143,0.0013,0.0349,0.0349,0.0013,,0.1692,,
stratified__fold_mean__linear_svc:default,stratified,fold_mean,,linear_svc,default,linear_svc:default,supervised,76679,0.9066,0.7126,0.665,0.7925,0.0411,0.335,0.665,0.9589,,2.232,0.0015,0.0136,0.0284,0.0206,0.0009,0.0284,0.0284,0.0009,,0.0898,,
stratified__fold_mean__linear_svc:oversampled,stratified,fold_mean,,linear_svc,oversampled,linear_svc:oversampled,supervised,76679,0.8977,0.7292,0.7464,0.7212,0.0349,0.2536,0.7464,0.9651,,58.218,0.0026,0.0162,0.0271,0.0222,0.0012,0.027,0.0271,0.0012,,5.5176,,
stratified__fold_mean__linear_svc:strong_regularization,stratified,fold_mean,,linear_svc,strong_regularization,linear_svc:strong_regularization,supervised,76679,0.901,0.6279,0.5591,0.7872,0.0497,0.4409,0.5591,0.9503,,1.754,0.0009,0.0334,0.0214,0.086,0.0005,0.0214,0.0214,0.0005,,0.0905,,
stratified__fold_mean__linear_svc:weak_regularization,stratified,fold_mean,,linear_svc,weak_regularization,linear_svc:weak_regularization,supervised,76679,0.8991,0.7084,0.6803,0.7523,0.0407,0.3196,0.6803,0.9593,,7.502,0.0022,0.0221,0.0323,0.0271,0.0011,0.0323,0.0323,0.0011,,0.4352,,
stratified__fold_mean__logistic_regression:balanced,stratified,fold_mean,,logistic_regression,balanced,logistic_regression:balanced,supervised,76679,0.8857,0.7151,0.8209,0.6633,0.0313,0.1791,0.8209,0.9687,,11.834,0.0013,0.0079,0.0242,0.0111,0.0006,0.0242,0.0242,0.0006,,1.381,,
stratified__fold_mean__logistic_regression:default,stratified,fold_mean,,logistic_regression,default,logistic_regression:default,supervised,76679,0.9021,0.6117,0.5563,0.716,0.0478,0.4437,0.5563,0.9522,,10.312,0.0013,0.0207,0.0136,0.0696,0.0005,0.0137,0.0137,0.0005,,0.4446,,
stratified__fold_mean__logistic_regression:oversampled,stratified,fold_mean,,logistic_regression,oversampled,logistic_regression:oversampled,supervised,76679,0.8957,0.7361,0.8014,0.7044,0.0316,0.1986,0.8014,0.9684,,24.208,0.0018,0.0036,0.0204,0.0244,0.001,0.0204,0.0205,0.001,,2.7147,,
stratified__fold_mean__logistic_regression:strong_regularization,stratified,fold_mean,,logistic_regression,strong_regularization,logistic_regression:strong_regularization,supervised,76679,0.873,0.4986,0.4327,0.6839,0.0733,0.5673,0.4327,0.9267,,6.068,0.0009,0.0099,0.0072,0.0241,0.0008,0.0072,0.0072,0.0008,,0.3841,,
stratified__fold_mean__logistic_regression:weak_regularization,stratified,fold_mean,,logistic_regression,weak_regularization,logistic_regression:weak_regularization,supervised,76679,0.9049,0.6942,0.6263,0.8285,0.0428,0.3737,0.6263,0.9572,,14.392,0.0013,0.0063,0.0087,0.0202,0.0005,0.0087,0.0087,0.0005,,2.0059,,
stratified__fold_mean__naive_bayes:default,stratified,fold_mean,,naive_bayes,default,naive_bayes:default,supervised,76679,0.8614,0.4251,0.3766,0.5716,0.0813,0.6234,0.3766,0.9187,0.8526,1.278,0.0006,0.002,0.0011,0.0027,0.0005,0.0011,0.0011,0.0005,0.0113,0.0624,,
stratified__fold_mean__naive_bayes:high_smoothing,stratified,fold_mean,,naive_bayes,high_smoothing,naive_bayes:high_smoothing,supervised,76679,0.8429,0.3835,0.3352,0.5774,0.0971,0.6649,0.3352,0.9029,0.8221,1.302,0.0011,0.0007,0.0007,0.0019,0.0005,0.0008,0.0007,0.0005,0.0137,0.0728,,
stratified__fold_mean__naive_bayes:low_smoothing,stratified,fold_mean,,naive_bayes,low_smoothing,naive_bayes:low_smoothing,supervised,76679,0.8789,0.5876,0.5553,0.6807,0.0441,0.4447,0.5553,0.9559,0.9311,1.326,0.0012,0.0335,0.022,0.0732,0.0006,0.022,0.022,0.0006,0.0015,0.0941,,
stratified__fold_mean__naive_bayes:oversampled,stratified,fold_mean,,naive_bayes,oversampled,naive_bayes:oversampled,supervised,76679,0.7444,0.4749,0.7795,0.4208,0.0515,0.2205,0.7795,0.9485,0.9424,1.408,0.0021,0.0032,0.0187,0.0022,0.0005,0.0187,0.0187,0.0005,0.007,0.1157,,
